Customer,Total Queries (July),Total Queries (Aug) Adjusted,Total Queries (Aug),Avg MB Scanned (Aug),Avg Execution Secs (Aug),Max Execution Secs (Aug),Query Growth %,Growth Category
AAMHC,-,5.961538461538462,5,0.0,1.2188,6.055,-,New Customer
AKACHMS,-,5.961538461538462,5,0.0,1.5524,7.737,-,New Customer
AKAKELA,2340.0,2823.3846153846157,2368,42.15322498986486,0.6139565033783784,8.609,20.65746219592375,Low Growth
AKASSETS,3308.0,2192.653846153846,1839,34.83266503643284,0.6305508428493747,8.416,-33.716631011068735,Negative Growth
AKCCI,1368.0,598.5384615384615,502,17.564128107569722,0.6247828685258965,6.449,-56.24718848403059,Negative Growth
AKCHLDF,58.0,95.38461538461539,80,38.2989194125,0.7884125,4.275,64.45623342175067,Stable
AKCOOK,30180.0,20928.576923076926,17553,20.996955805674244,0.3702540306500314,6.312,-30.65415201101085,Negative Growth
AKCS,-,5.961538461538462,5,0.0,0.8886,4.416,-,New Customer
AKDENALI,549.0,466.1923076923077,391,19.286753283887467,0.4273452685421995,15.95,-15.08336836205689,Negative Growth
AKFBNAT,2029.0,1743.1538461538462,1462,18.91222847400821,0.6635095759233927,27.332,-14.088031239337301,Stable
AKJAM,221.0,83.46153846153847,70,32.0207177,0.7327,4.544,-62.23459798120432,Stable
AKJUYSI,-,5.961538461538462,5,0.0,0.8666,4.293,-,New Customer
AKKANA,-,5.961538461538462,5,0.0,1.3372,6.661,-,New Customer
AKS,-,5.961538461538462,5,0.0,1.0506,5.213,-,New Customer
AKSEAVW,-,5.961538461538462,5,0.0,0.1656,0.802,-,New Customer
AKSPBHS,-,5.961538461538462,5,0.0,1.731,8.63,-,New Customer
AKTANANA,2608.0,3361.1153846153843,2819,22.680178953884354,0.4377286271727563,7.792,28.877123643227925,Medium Growth
AKVOLAM,932.0,912.1153846153846,765,27.13991351372549,0.5641816993464052,4.291,-2.133542423241991,Stable
AKXPIOH,1118.0,2310.6923076923076,1938,48.959953947884415,0.6009422084623323,7.353,106.68088619788082,High Growth
ALBRIGE,60.0,191.96153846153848,161,15.950573279503104,0.6261055900621117,7.785,219.93589743589746,High Growth
ALCAHBA,-,5.961538461538462,5,0.0,0.2582,1.264,-,New Customer
ALEAMHC,-,5.961538461538462,5,0.0,0.1318,0.631,-,New Customer
ALECMHC,-,13.115384615384615,11,0.0,2.0611818181818182,14.728,-,New Customer
ALHIGHS,-,5.961538461538462,5,0.0,1.3878,6.911,-,New Customer
ALMAMHA,174.0,11.923076923076923,10,0.0,1.2478,7.996,-93.14765694076038,Stable
ALMHBCS,1030.0,1316.3076923076922,1104,24.986197057065212,0.4188668478260869,6.257,27.796863330843895,Medium Growth
ALNAMHC,5357.0,3177.5,2665,64.3104149227017,0.817266416510319,27.6,-40.68508493559828,Negative Growth
ALSPECT,4644.0,6118.923076923077,5132,101.32053780670304,0.9072716289945442,35.58,31.75975617836083,Medium Growth
ALSWAMH,1049.0,1265.0384615384614,1061,38.07111235532517,0.6259802073515551,9.749,20.594705580406238,Low Growth
ALVOASE,38.0,5.961538461538462,5,0.0,1.4594,7.269,-84.31174089068826,Stable
ARCHTEMP,-,5.961538461538462,5,0.0,0.0409999999999999,0.173,-,New Customer
AROBHAW,2688.0,2394.153846153846,2008,27.63955095318725,0.5389656374501992,10.121,-10.931776556776555,Stable
ARTSVC,-,5.961538461538462,5,0.0,0.0573999999999999,0.251,-,New Customer
ASFCF,-,5.961538461538462,5,0.0,2.9878,14.904,-,New Customer
AUTOMATION,-,5.961538461538462,5,0.0,0.629,3.1,-,New Customer
AZFAMSA,-,5.961538461538462,5,0.0,0.8071999999999999,4.011,-,New Customer
BGVLG,1011.0,558.0,468,36.829136974358974,0.4501239316239316,5.16,-44.80712166172107,Negative Growth
BHNINC,5977.0,3869.0384615384614,3245,413.9158728289676,5.282310015408321,219.001,-35.26788587019472,Negative Growth
CABOYR,1342.0,697.5,585,21.09243726153846,0.4114307692307692,7.001,-48.02533532041729,Negative Growth
CACMMHC,613.0,7017.923076923077,5886,42.35891154825008,0.5417653754672104,6.362,1044.8487890575982,High Growth
CAEXODUS,1258.0,6966.653846153846,5843,27.921319523703573,0.4863720691425637,6.734,453.78806408218173,High Growth
CAGHMHC,25.0,5.961538461538462,5,0.0,0.4634,2.293,-76.15384615384616,Stable
CAHILLS,-,11.923076923076923,10,0.0,0.3338,1.787,-,New Customer
CAMASADA,527.0,1272.1923076923078,1067,21.686796856607312,0.5020196813495782,5.642,141.40271493212674,High Growth
CAMCC,4342.0,3531.6153846153843,2962,35.38302196151249,0.7074226873733963,17.478,-18.663855720511645,Negative Growth
CAMHALA,1002.0,1313.923076923077,1102,34.16462554718693,0.5298847549909256,7.783,31.130047597113464,Medium Growth
CAREY,20.0,20.26923076923077,17,12.29324505882353,0.8762352941176471,6.285,1.3461538461538503,Stable
CASCHARP,5172.0,2446.6153846153843,2052,35.49593828362573,0.679175925925926,11.424,-52.6949848295556,Negative Growth
CATVFSI,802.0,113.26923076923076,95,28.780999536842103,0.5993999999999999,5.464,-85.87665451755228,Negative Growth
CBIC,4332.0,6846.230769230769,5742,29.715436274642983,0.39108934169279,8.004,58.03856808011931,High Growth
CCHIT,-,5.961538461538462,5,0.0,1.7136,8.544,-,New Customer
CCMHR,1996.0,1678.7692307692307,1408,104.69777366832386,0.8585838068181818,10.558,-15.893325111761989,Negative Growth
CFLFCI,-,5.961538461538462,5,0.0,0.9494,4.713,-,New Customer
CGCMF,24.0,29.80769230769231,25,9.11623392,0.7049599999999999,8.273,24.19871794871796,Stable
CHRYSALIS,263.0,101.34615384615384,85,16.06312951764706,0.4615411764705882,6.267,-61.46534074290728,Negative Growth
CLTSP,371.0,190.76923076923077,160,29.951273500000003,0.6575124999999999,6.792,-48.579722164627825,Negative Growth
CMBRLD,2935.0,2189.076923076923,1836,55.73097069008715,0.6693660130718954,12.098,-25.414755602149135,Negative Growth
CMHAC,-,5.961538461538462,5,0.0,1.6114000000000002,8.031,-,New Customer
COCONSORTIUM,130.0,295.6923076923077,248,128.5138114314516,5.152697580645161,43.009,127.45562130177515,High Growth
COJFSVC,1499.0,817.9230769230769,686,41.82036569387755,0.6315072886297376,12.186,-45.43541848411762,Negative Growth
COMHBHI,1412.0,704.6538461538461,591,72.59965288663282,0.7351776649746193,9.044,-50.0953366746568,Negative Growth
CPLSY,40.0,36.96153846153846,31,200.18878835483872,1.4435483870967742,6.646,-7.596153846153849,Stable
CPSVC,-,5.961538461538462,5,0.0,0.9966,4.95,-,New Customer
CRSRD,-,5.961538461538462,5,0.0,0.9384,4.657,-,New Customer
CTBDGHC,262.0,1195.8846153846155,1003,65.41069308574276,0.6053280159521436,8.759,356.44450968878454,High Growth
CTBHCAR,-,44.11538461538462,37,37.298986324324325,0.8640810810810811,8.397,-,New Customer
CTBRANF,-,5.961538461538462,5,0.0,1.2808,6.376,-,New Customer
CTCCAOH,254.0,287.34615384615387,241,21.79859882987552,0.6258547717842323,11.039,13.12840702604483,Stable
CTCCFSN,-,5.961538461538462,5,0.0,0.5896,2.914,-,New Customer
CTCGCCL,-,1665.6538461538462,1397,17.371481901216892,0.3769799570508231,3.518,-,New Customer
CTCHFST,94.0,41.73076923076923,35,10.172195714285715,0.9421714285714284,9.32,-55.605564648117834,Stable
CTCJR,945.0,1467.7307692307693,1231,32.43403987164906,0.5024459788789601,4.505,55.31542531542533,High Growth
CTCTREN,-,94.1923076923077,79,5.924668151898734,0.4246962025316456,6.821,-,New Customer
CTCWBGC,74.0,155.0,130,11.841941007692308,0.5651230769230768,9.623,109.45945945945945,High Growth
CTJFSGH,-,5.961538461538462,5,0.0,1.0804,5.374,-,New Customer
CTJFSGNH,24.0,65.57692307692308,55,17.176304872727272,0.4501272727272727,5.737,173.2371794871795,Stable
CTLNVPCR,-,5.961538461538462,5,0.0,1.4232,7.088,-,New Customer
CTPERCP,-,5.961538461538462,5,0.0,0.1629999999999999,0.784,-,New Customer
CTSCADD,13592.0,12361.846153846154,10368,60.49013805844908,0.4923745177469136,14.406,-9.050572735093038,Stable
CTTCFGC,16.0,20.26923076923077,17,14.33074588235294,0.8561176470588235,5.899,26.682692307692314,Stable
CWOOD,-,5.961538461538462,5,0.0,0.5518,2.73,-,New Customer
DCCCA,308.0,457.84615384615387,384,72.86993077864584,1.7606041666666667,16.257,48.651348651348655,Medium Growth
DECNXNS,99.0,162.15384615384616,136,409.4140795735294,3.476779411764706,59.2,63.7917637917638,High Growth
DECNXNS2,-,5.961538461538462,5,0.0,1.1814,5.877,-,New Customer
DEMO,636.0,895.4230769230769,751,3.0719466950732355,0.28180292942743,12.375,40.789791969037246,Medium Growth
DEMO1,-,5.961538461538462,5,0.0,1.269,6.3,-,New Customer
DEMO11,-,87.03846153846153,73,249.61650253424656,1.8264246575342469,7.858,-,New Customer
DEMO12,-,5.961538461538462,5,0.0,0.11,0.508,-,New Customer
DEMO13,136.0,1622.7307692307693,1361,52.9494480764144,0.5838207200587804,8.739,1093.1843891402716,High Growth
DEMO15,-,5.961538461538462,5,0.0,1.706,8.503,-,New Customer
DEMO2,5221.0,7466.230769230769,6262,3457.1828320317786,12.707511338230598,624.731,43.00384541717619,Medium Growth
DEMO3,128.0,659.3461538461539,553,25.625021954792043,0.4110307414104883,6.62,415.11418269230774,High Growth
DEMO4,-,5.961538461538462,5,0.0,0.397,1.956,-,New Customer
DEMO5,1346.0,1290.076923076923,1082,52.2628084676525,1.1143364140480592,14.453,-4.154760544062177,Stable
DEMO6,379.0,503.15384615384613,422,71.52714739810426,0.9976635071090048,64.926,32.7582707529937,Medium Growth
DEMO7,-,5.961538461538462,5,0.0,0.9288,4.612,-,New Customer
DEMOSYS,474.0,318.34615384615387,267,7.118413471910112,0.2501123595505618,2.633,-32.83836416747808,Negative Growth
DEMOSYS_CRED,-,5.961538461538462,5,0.0,1.064,5.293,-,New Customer
DPHMH,38.0,5.961538461538462,5,0.0,2.0114,10.031,-84.31174089068826,Stable
DRENK,-,5.961538461538462,5,0.0,2.0398,10.173,-,New Customer
DRKCT,-,5.961538461538462,5,0.0,1.9194,9.57,-,New Customer
DRUMMOND,-,5.961538461538462,5,0.0,1.3554,6.748,-,New Customer
EARTH,-,13.115384615384615,11,0.0,1.5299090909090909,8.77,-,New Customer
EMRGC,661.0,276.61538461538464,232,55.416624883620685,0.6089310344827585,5.907,-58.151984173164195,Negative Growth
ERDGH,-,5.961538461538462,5,0.0,2.1524,10.717,-,New Customer
FAMOUT,14.0,22.653846153846153,19,17.349867894736843,1.014421052631579,3.612,61.8131868131868,Stable
FCAWEB,-,491.2307692307692,412,85.64957461650485,0.842509708737864,6.614,-,New Customer
FCDHS,319.0,48.88461538461538,41,14.467951146341465,0.561,5.934,-84.6756691584278,Stable
FGCWC,-,5.961538461538462,5,0.0,0.8454,4.201,-,New Customer
FMRSH,673.0,56.03846153846154,47,59.22900763829787,1.1812978723404255,9.746,-91.67333409532517,Stable
FSVCA,-,525.8076923076923,441,147.6073137142857,2.4375736961451246,23.165,-,New Customer
GAAACSB,67.0,84.65384615384616,71,65.35904516901408,1.3386197183098592,9.897,26.34902411021815,Stable
GAAHOPE,-,5.961538461538462,5,0.0,1.6164,8.057,-,New Customer
GABMC,-,5.961538461538462,5,0.0,1.1002,5.474,-,New Customer
GACARING,152.0,1681.1538461538462,1410,16.264154669503547,0.3648127659574467,8.564,1006.0222672064776,High Growth
GACFI,74.0,29.80769230769231,25,27.70847032,0.84628,7.555,-59.71933471933472,Stable
GACOBB,-,5.961538461538462,5,0.0,0.493,2.434,-,New Customer
GADUGCB,-,5.961538461538462,5,0.0,1.7998,8.974,-,New Customer
GAFLNCN,-,5.961538461538462,5,0.0,1.6558,8.255,-,New Customer
GAGTWY,68.0,126.38461538461537,106,323.7844463113208,2.8188867924528305,33.98,85.85972850678732,High Growth
GAHLND,15056.0,13681.73076923077,11475,276.6699234653595,0.9814120261437907,43.996,-9.127718057712743,Stable
GAHORIZONS,17315.0,19991.423076923074,16767,44.47803096057732,0.8980492634341266,18.084,15.45725138274949,Low Growth
GAIT,2090.0,2525.3076923076924,2118,318.3006000944287,2.891947119924457,82.504,20.828119249171884,Low Growth
GALKT,779.0,727.3076923076923,610,482.55466361967217,4.173404918032787,61.859,-6.635726276291108,Stable
GAMFBHC,-,13.115384615384615,11,0.0,0.5907272727272728,3.665,-,New Customer
GAPINES,1475.0,637.8846153846154,535,104.5589778093458,0.917207476635514,10.191,-56.7535853976532,Negative Growth
GAPTPRO,-,5.961538461538462,5,0.0,1.6342,8.139,-,New Customer
GARCVPL,68.0,382.7307692307692,321,19.91119425856698,0.4055420560747663,10.688,462.8393665158371,High Growth
GATRINS,-,5.961538461538462,5,0.0,1.1252,5.594,-,New Customer
GAVASHT,-,11.923076923076923,10,0.0,2.0493,13.011,-,New Customer
GBCTR,988.0,1279.3461538461538,1073,94.52894006989747,0.8110149114631874,27.45,29.488477109934596,Medium Growth
GGMHC,-,5.961538461538462,5,0.0,0.6372,3.161,-,New Customer
GROGA,-,5.961538461538462,5,0.0,1.3126,6.537,-,New Customer
HAMDN,1127.0,1488.0,1248,16.23129303605769,0.6670625,9.752,32.03194321206744,Medium Growth
HAYMKT,-,5.961538461538462,5,0.0,1.3906,6.923,-,New Customer
HRZNH,-,5.961538461538462,5,0.0,0.7062,3.478,-,New Customer
HVMHC,2405.0,1823.0384615384614,1529,153.39190991824722,1.0977370830608242,9.361,-24.197984967215742,Negative Growth
IAAHFA,-,11.923076923076923,10,0.0,0.7603,4.884,-,New Customer
IACIOWA,598.0,1660.8846153846155,1393,9.717243257717158,0.2038951902368987,10.834,177.73990223823003,High Growth
IAFOUNDATION,173.0,79.88461538461539,67,293.48945341791045,1.5249402985074627,5.661,-53.82392174299688,Stable
IALUTSV,6197.0,1321.076923076923,1108,89.5977819801444,0.6505938628158844,12.189,-78.6819925274016,Negative Growth
IAYHFS,98.0,122.8076923076923,103,18.58693517475728,0.5318932038834951,6.461,25.313971742543167,Medium Growth
IAYTHSS,261.0,5.961538461538462,5,0.0,0.8715999999999999,4.331,-97.71588564692013,Stable
ILAUNTM,6032.0,12188.961538461537,10223,120.94874481864424,0.6285197104568131,11.189,102.07164354213423,High Growth
ILBEWCB,35.0,83.46153846153847,70,16.0610158,0.7554571428571428,7.788,138.46153846153848,Stable
ILECKER,529.0,480.5,403,33.68207677915633,0.5330471464019851,6.883,-9.168241965973536,Stable
ILGPSVC,-,5.961538461538462,5,0.0,0.1036,0.493,-,New Customer
ILHAS,-,5.961538461538462,5,0.0,0.6352,3.152,-,New Customer
ILHEART,-,13.115384615384615,11,0.0,0.8951818181818182,6.248,-,New Customer
ILHRCTR,-,5.961538461538462,5,0.0,0.6759999999999999,3.347,-,New Customer
ILLSS,-,5.961538461538462,5,0.0,0.3832,1.868,-,New Customer
ILOMNIY,1798.0,1322.2692307692307,1109,55.42474373309288,0.5819125338142471,9.785,-26.458885941644567,Negative Growth
ILPILRS,83.0,282.57692307692304,237,35.20122047257384,0.6273544303797468,6.045,240.45412418906392,High Growth
ILSAFRF,-,5.961538461538462,5,0.0,2.6136,13.044,-,New Customer
ILSOSUB,-,5.961538461538462,5,0.0,0.2132,1.037,-,New Customer
ILSRTCN,94.0,5.961538461538462,5,0.0,0.6138,3.042,-93.65793780687397,Stable
INDCTR,2352.0,2144.9615384615386,1799,25.469915859366317,0.5092790439132852,10.155,-8.802655677655673,Stable
INVOAOH,752.0,838.1923076923077,703,118.67620604836416,1.3114139402560454,10.369,11.461743044189857,Stable
INYTHOC,-,13.115384615384615,11,0.0,0.2836363636363636,2.24,-,New Customer
ISAOH,1869.0,394.65384615384613,331,225.7090162326284,1.7540362537764351,19.923,-78.88422438984236,Negative Growth
JEVSHS,-,5.961538461538462,5,0.0,0.516,2.558,-,New Customer
KSCKMHC,2412.0,2010.230769230769,1686,44.855032280545664,0.6042170818505338,7.579,-16.657099119785695,Negative Growth
KSFND,-,5.961538461538462,5,0.0,1.334,6.642,-,New Customer
KYADANT,-,106.11538461538461,89,17.889451764044946,0.6177078651685393,3.06,-,New Customer
KYCHONK,1969.0,2592.076923076923,2174,80.02928360395583,0.8754236430542779,9.744,31.644333320310963,Medium Growth
KYLIFSK,8373.0,5252.115384615385,4405,94.42307363586832,0.6701073779795687,11.428,-37.273194976527115,Negative Growth
KYMRYHT,69.0,362.46153846153845,304,9.402237953947369,0.4195723684210526,6.746,425.3065774804905,High Growth
KYREDWD,-,5.961538461538462,5,0.0,0.5866,2.902,-,New Customer
KYSELFR,2413.0,1967.3076923076922,1650,213.73901754181816,1.981351515151515,25.242,-18.470464471293322,Negative Growth
LAAAHSD,3245.0,3944.153846153846,3308,59.41819910973398,0.7137726723095525,10.984,21.545573070996802,Low Growth
LABCMHOLD,3797.0,4248.192307692308,3563,45.41970961156329,0.4242152680325568,8.288,11.882862988999412,Stable
LACAHSD,1464.0,2857.9615384615386,2397,50.18225851105549,0.7236700041718815,13.0,95.21595208070619,High Growth
LARMSRV,67.0,5.961538461538462,5,0.0,0.1726,0.839,-91.10218140068886,Stable
LAURL,-,5.961538461538462,5,0.0,0.6272,3.11,-,New Customer
LAVOASL,905.0,1622.7307692307693,1361,26.79663228361499,0.3853651726671565,12.813,79.30726731831705,High Growth
LHSET,-,5.961538461538462,5,0.0,1.3794,6.85,-,New Customer
LIFECARE,10067.0,10325.384615384615,8660,120.92873654838336,0.8810680138568129,65.904,2.566649601515995,Stable
MABOSTN,170.0,95.38461538461539,80,12.567294125,0.5883625,3.837,-43.89140271493213,Stable
MACRJ,1200.0,642.6538461538461,539,49.15016554359926,0.6703840445269017,9.292,-46.44551282051283,Negative Growth
MAGADRA,14.0,252.76923076923075,212,122.3200809245283,2.2653066037735847,21.319,1705.4945054945056,High Growth
MAHILEC,-,5.961538461538462,5,0.0,1.6654,8.299,-,New Customer
MAINSHR,-,64.38461538461539,54,40.14811798148149,0.6717962962962963,5.622,-,New Customer
MALCFTD,-,5.961538461538462,5,0.0,0.8754,4.349,-,New Customer
MALUKCC,718.0,1794.423076923077,1505,84.91770611760798,0.6865235880398671,9.954,149.91964859652882,High Growth
MAMENT,-,5.961538461538462,5,0.0,0.0576,0.267,-,New Customer
MAMENTR,-,5.961538461538462,5,0.0,0.493,2.433,-,New Customer
MAPINEI,-,13.115384615384615,11,0.0,1.3018181818181818,12.655,-,New Customer
MARIVCC,954.0,1096.923076923077,920,65.91310535543478,1.0546467391304348,42.366,14.981454604096111,Stable
MASMDOC,160.0,423.2692307692308,355,24.13323935774648,0.5444788732394366,4.222,164.54326923076923,High Growth
MASTANN,398.0,186.0,156,44.50390776282051,0.4869679487179487,4.739,-53.266331658291456,Negative Growth
MASTPST,511.0,989.6153846153846,830,24.98978234819277,0.4282204819277108,4.631,93.66250188167997,High Growth
MAUMSMH,4278.0,4285.153846153846,3594,77.44521993322205,0.8946135225375627,47.24,0.16722408026754873,Stable
MAVOLAM,141.0,13.115384615384615,11,0.0,1.3466363636363636,8.754,-90.69830878341517,Stable
MAWYFSN,7.0,5.961538461538462,5,0.0,1.4814,7.335,-14.835164835164832,Stable
MAYOUIN,1221.0,730.8846153846154,613,55.15037046818923,0.7311402936378467,8.582,-40.140490140490144,Negative Growth
MCCA,-,5.961538461538462,5,0.0,1.9084,9.511,-,New Customer
MDJWSCS,4631.0,3683.0384615384614,3089,63.53188569148592,0.5662405309161541,9.139,-20.469910137368572,Negative Growth
MEOCMHS,310.0,1761.0384615384614,1477,205.751636830738,0.9360324983073798,10.58,468.07692307692304,High Growth
MERIDIAN,1962.0,1805.1538461538462,1514,360.9765297252312,3.678577939233818,123.296,-7.994197443738726,Stable
MHSDL,550.0,609.2692307692307,511,23.289205211350296,0.433679060665362,6.91,10.776223776223768,Stable
MIALLIANCE,-,135.92307692307693,114,114.63450701754388,3.956122807017544,23.977,-,New Customer
MIHLYCS,7129.0,7128.807692307692,5979,10.753632931928417,0.1806228466298712,10.745,-0.002697540921694801,Stable
MIKCC,-,5.961538461538462,5,0.0,2.1874,10.915,-,New Customer
MIWLSLS,164.0,616.4230769230769,517,116.33101393810443,2.1315551257253382,37.128,275.86772983114446,High Growth
MLSTN,11813.0,27223.96153846154,22833,111.57032238584505,1.0265919502474488,1412.439,130.4576444464703,High Growth
MNCHOSC,19.0,13.115384615384615,11,0.0,1.2769090909090908,8.219,-30.971659919028344,Stable
MNHDC,154.0,146.65384615384616,123,300.4290397723577,1.770910569105691,16.028,-4.770229770229766,Stable
MNHWEHS,11007.0,11311.423076923076,9487,91.50477776673344,0.8024177295246127,16.546,2.7657225122474443,Stable
MNNHCFS,-,11.923076923076923,10,0.0,1.1582,10.03,-,New Customer
MNNPMHC,342.0,177.65384615384616,149,6.582832912751678,0.337724832214765,4.12,-48.05443094916779,Negative Growth
MOARCOA,2594.0,2112.769230769231,1772,24.927509231376973,0.6128865688487585,8.593,-18.551687325781383,Negative Growth
MOARTHURCTR,-,5.961538461538462,5,0.0,1.0234,5.091,-,New Customer
MOBCSVS,285.0,294.5,247,81.39644464372469,0.7368421052631579,6.061,3.3333333333333335,Stable
MOBHR,19639.0,22123.26923076923,18555,99.45269220894636,0.6838179466451092,38.815,12.649672746928205,Stable
MOFGCBH,60295.0,60656.269230769234,50873,35.2989897692096,0.2578453207005681,20.92,0.5991694680640752,Stable
MOGRCTR,-,5.961538461538462,5,0.0,1.3254,6.601,-,New Customer
MONCMMH,989.0,1011.076923076923,848,25.891018113207547,0.7904504716981132,12.553,2.2322470249669344,Stable
MOPREFH,23736.0,33339.307692307695,27962,100.35146982275948,0.9856231313926042,43.37,40.458829172175996,Medium Growth
MOQOPC,656.0,527.0,442,101.29864116289592,0.969153846153846,16.501,-19.664634146341463,Negative Growth
MOREDIS,1599.0,587.8076923076923,493,85.9552133245436,1.1300324543610547,12.75,-63.239043633039884,Negative Growth
MOSBH,19073.0,10122.692307692309,8490,82.55913576772674,0.7398133097762073,16.68,-46.926585709157926,Negative Growth
MSCANPY,1478.0,1513.0384615384614,1269,52.57551835460993,0.8235665878644602,31.626,2.370667221817418,Stable
MTHFH,-,164.53846153846152,138,17.385473557971014,0.5037101449275362,8.643,-,New Customer
MTWAIN,24.0,5.961538461538462,5,0.0,0.235,1.147,-75.16025641025642,Stable
NCOMM,191.0,5.961538461538462,5,0.0,0.3823999999999999,1.886,-96.87877567458719,Stable
NECHN,59.0,251.57692307692307,211,45.09359443127962,0.7277867298578199,9.144,326.4015645371577,High Growth
NJBNNBR,-,5.961538461538462,5,0.0,1.2302,6.128,-,New Customer
NJCBH,2092.0,2773.3076923076924,2326,85.7349408766122,0.8687141014617369,115.008,32.567289307251066,Medium Growth
NJCFGHN,-,382.7307692307692,321,128.0571069906542,1.003532710280374,12.73,-,New Customer
NJCMMAU,886.0,137.1153846153846,115,58.58988913043478,0.869191304347826,6.312,-84.5242229553742,Negative Growth
NJCTS,-,5.961538461538462,5,0.0,1.0462,5.206,-,New Customer
NJFSH,-,5.961538461538462,5,0.0,1.3048,6.497,-,New Customer
NJJFCHS,-,5.961538461538462,5,0.0,1.2728,6.338,-,New Customer
NJJFSCN,-,5.961538461538462,5,0.0,1.3318,6.633,-,New Customer
NJJHI,-,5.961538461538462,5,0.0,1.0578,5.253,-,New Customer
NJJWFCS,-,5.961538461538462,5,0.0,1.5262,7.562,-,New Customer
NJMHC,-,5.961538461538462,5,0.0,0.6976,3.455,-,New Customer
NJOCC,-,5.961538461538462,5,0.0,0.3954,1.94,-,New Customer
NJPREBH,200.0,548.4615384615385,460,77.0729797673913,0.9161760869565216,5.458,174.23076923076923,High Growth
NJRCHDH,887.0,863.2307692307693,724,29.919851055248618,0.9647541436464088,9.745,-2.6797328939380742,Stable
NJSTRES,-,81.07692307692308,68,14.154229014705882,0.5075882352941177,7.613,-,New Customer
NJTBRIDGE,-,3277.653846153846,2749,35.1205599883594,0.4653219352491815,7.627,-,New Customer
NJTCFGE,2591.0,6006.846153846154,5038,80.30297910103215,0.6483157999206034,10.948,131.83505032212096,High Growth
NJTRCHI,-,5.961538461538462,5,0.0,1.0798,5.363,-,New Customer
NJVANHS,58.0,5.961538461538462,5,0.0,0.5824,2.889,-89.72148541114059,Stable
NYBPCRI,1446.0,1838.5384615384614,1542,44.368778463683526,0.8538806744487678,8.539,27.146504947334815,Medium Growth
NYCASES,252.0,5.961538461538462,5,0.0,1.3294,6.621,-97.63431013431014,Stable
NYCFHFS,-,5.961538461538462,5,0.0,0.2498,1.226,-,New Customer
NYCNGSV,14.0,42.92307692307692,36,37.19545733333334,0.979888888888889,6.203,206.59340659340657,Stable
NYFSWCH,-,5.961538461538462,5,0.0,1.2555999999999998,6.25,-,New Customer
NYIBDCC,3291.0,1137.4615384615386,954,164.84466757756812,1.2054350104821805,17.372,-65.43720636701494,Negative Growth
NYLISCI,108.0,73.92307692307692,62,48.47436501612904,1.7403709677419357,8.458,-31.552706552706557,Stable
NYOCMSI,-,5.961538461538462,5,0.0,1.197,5.955,-,New Customer
NYSTCHS,-,5.961538461538462,5,0.0,1.8644,9.296,-,New Customer
NYSTDOM,1235.0,3189.423076923077,2675,59.87782231439252,0.8191715887850468,26.467,158.25288072251638,High Growth
OAKLAWN,5621.0,5962.730769230769,5001,141.53554126774645,1.9348392321535688,94.482,6.0795369014546985,Stable
OCMACC,-,5.961538461538462,5,0.0,0.8008,3.974,-,New Customer
OCNMH,-,5.961538461538462,5,0.0,1.9352,9.643,-,New Customer
OCSDS,1428.0,1712.1538461538462,1436,131.9248046678273,2.397559888579387,70.937,19.898728722258134,Low Growth
OHACC,752.0,563.9615384615385,473,26.197696636363634,0.6689640591966174,12.273,-25.00511456628478,Negative Growth
OHBHCCH,144.0,125.1923076923077,105,54.59555791428571,0.8877047619047619,9.77,-13.060897435897434,Stable
OHBLHBS,7709.0,5698.038461538462,4779,144.39412401297344,1.7073320778405523,62.346,-26.085893610864417,Negative Growth
OHBRITV,-,5.961538461538462,5,0.0,1.227,6.102,-,New Customer
OHBUTLR,-,5.961538461538462,5,0.0,1.427,7.107,-,New Customer
OHCAMBR,-,5.961538461538462,5,0.0,0.175,0.851,-,New Customer
OHCBHTH,4515.0,3264.5384615384614,2738,79.8628173484295,0.7846022644265888,11.99,-27.695715137575604,Negative Growth
OHCCBH,1900.0,1138.6538461538462,955,57.92929058848168,0.5544335078534032,5.549,-40.07085020242915,Negative Growth
OHCCC,856.0,645.0384615384615,541,24.215596532347504,0.5406099815157117,4.871,-24.64503953989935,Negative Growth
OHCCHOO,61.0,5.961538461538462,5,0.0,0.4857999999999999,2.404,-90.22698612862547,Stable
OHCLS,175.0,193.15384615384616,162,23.71385848765432,0.481716049382716,8.634,10.373626373626376,Stable
OHCOMCS,-,5.961538461538462,5,0.0,1.8202000000000005,9.071,-,New Customer
OHCOMHA,148.0,572.3076923076923,480,28.644896875,0.3331895833333334,6.541,286.69438669438665,High Growth
OHCOMPDRUG,-,5.961538461538462,5,0.0,0.3117999999999999,1.537,-,New Customer
OHCRSCN,313.0,327.88461538461536,275,11.43765550909091,0.5627381818181818,5.461,4.755468173998517,Stable
OHDAYBK,3182.0,2401.3076923076924,2014,48.42504831082423,0.6604304865938431,10.351,-24.53464197650244,Negative Growth
OHEASTC,153.0,13.115384615384615,11,0.0,1.0856363636363635,8.061,-91.42785319255907,Stable
OHELDRS,-,5.961538461538462,5,0.0,0.511,2.529,-,New Customer
OHEMERG,-,5.961538461538462,5,0.0,1.8454,9.201,-,New Customer
OHEMPEX,-,5.961538461538462,5,0.0,0.3942,1.933,-,New Customer
OHFAMCC,7826.0,6225.038461538462,5221,92.73359452614442,0.9210563110515227,75.99,-20.456958068764862,Negative Growth
OHFOBHS,239.0,397.03846153846155,333,73.53078084684685,0.3166126126126126,6.576,66.12487930479563,High Growth
OHFRSHC,-,5.961538461538462,5,0.0,1.0402,5.165,-,New Customer
OHFSRVA,-,5.961538461538462,5,0.0,0.1786,0.86,-,New Customer
OHGCBHS,184.0,444.7307692307692,373,38.70013420643431,1.0160509383378016,17.78,141.7015050167224,High Growth
OHGESMV,-,5.961538461538462,5,0.0,0.1088,0.515,-,New Customer
OHGLCTR,-,5.961538461538462,5,0.0,0.5852,2.899,-,New Customer
OHHPSYS,751.0,1082.6153846153845,908,77.98498137334802,1.5413281938325991,19.655,44.15650926969168,Medium Growth
OHISBHOHIO,112.0,69.15384615384616,58,55.53903336206896,1.381258620689655,27.439,-38.2554945054945,Stable
OHJCESC,314.0,5.961538461538462,5,0.0,2.1452,10.7,-98.10142087212151,Stable
OHLGRCI,-,5.961538461538462,5,0.0,0.297,1.46,-,New Customer
OHLYAFS,374.0,358.88461538461536,301,101.51478862126244,0.9726179401993356,9.447,-4.04154668860552,Stable
OHMATHP,13.0,5.961538461538462,5,0.0,0.2602,1.275,-54.142011834319526,Stable
OHMCKHL,838.0,500.7692307692308,420,130.35355015,1.145838095238095,12.613,-40.242335230402055,Negative Growth
OHMIDOH,-,13.115384615384615,11,0.0,1.578,9.774,-,New Customer
OHMODPW,4537.0,7381.576923076923,6191,62.59674207656275,0.7941381036989178,27.926,62.697309302995876,High Growth
OHMUSBH,184.0,5.961538461538462,5,0.0,1.2936,6.441,-96.76003344481606,Stable
OHNDI,36.0,171.69230769230768,144,67.43346445833333,0.7371041666666667,5.075,376.92307692307685,High Growth
OHPEPRO,-,5.961538461538462,5,0.0,1.0862,5.387,-,New Customer
OHPIKEC,316.0,295.6923076923077,248,65.36433905241935,2.0649717741935487,8.844,-6.426484907497571,Stable
OHPRISM,-,5.961538461538462,5,0.0,0.8436,4.189,-,New Customer
OHPSYCC,-,5.961538461538462,5,0.0,1.2612,6.279,-,New Customer
OHRAVEN,927.0,718.9615384615385,603,123.52309928689884,1.1000248756218909,17.37,-22.442120985810305,Negative Growth
OHREACH,-,5.961538461538462,5,0.0,1.1502,5.725,-,New Customer
OHRFSCF,3778.0,3053.5,2561,80.19873743615774,0.9801245607184694,17.361,-19.17681312863949,Negative Growth
OHRIVRS,-,5.961538461538462,5,0.0,1.34,6.673,-,New Customer
OHSCCRC,-,5.961538461538462,5,0.0,0.5642,2.78,-,New Customer
OHSCITO,169.0,5.961538461538462,5,0.0,1.6957999999999998,8.446,-96.47246244879382,Stable
OHSHCCC,511.0,5.961538461538462,5,0.0,0.8708,4.318,-98.83335842239951,Stable
OHSIXCO,450.0,333.84615384615387,280,97.404833675,0.9449571428571428,8.856,-25.81196581196581,Negative Growth
OHSTJOE,256.0,833.4230769230769,699,54.6720101130186,0.6538354792560801,10.434,225.5558894230769,High Growth
OHTALBT,3864.0,3374.230769230769,2830,85.60111764522968,1.2537060070671378,48.656,-12.675187131708876,Stable
OHUMADA,-,5.961538461538462,5,0.0,0.625,3.077,-,New Customer
OHUMC,6804.0,8833.807692307691,7409,48.40672129248212,0.5564543123228507,13.561,29.832564554786767,Medium Growth
OHWOMENS,380.0,152.6153846153846,128,11.23208521875,0.293703125,3.941,-59.83805668016194,Negative Growth
ORBRCHG,3265.0,1865.9615384615386,1565,60.33622621469648,0.6257354632587859,9.997,-42.84957003180586,Negative Growth
ORBRWRC,-,115.65384615384616,97,8.175758391752577,0.4407319587628865,1.645,-,New Customer
ORCFD,-,100.15384615384616,84,180.29555920238096,3.354869047619048,18.808,-,New Customer
ORCOLCR,228.0,2883.0,2418,97.82457900289496,0.7885504549214226,13.557,1164.4736842105265,High Growth
ORFAMSL,161.0,56.03846153846154,47,128.70919327659573,1.0005531914893615,10.013,-65.19350215002389,Stable
ORKRSNW,-,36.96153846153846,31,30.951889322580644,0.6288064516129032,3.67,-,New Customer
ORLKGLS,-,13.115384615384615,11,0.0,1.5018181818181815,9.361,-,New Customer
ORNHSOH,1225.0,320.7307692307692,269,205.8103894907063,1.3842342007434945,9.002,-73.81789638932496,Negative Growth
OROCP,1241.0,1343.7307692307693,1127,73.9341168287489,0.689321206743567,7.821,8.2780635963553,Stable
ORSLNMH,3241.0,1389.0384615384614,1165,40.336479099570816,0.588298712446352,10.893,-57.141670424607796,Negative Growth
ORVOAOR,-,5.961538461538462,5,0.0,1.538,7.66,-,New Customer
ORWBC,-,13.115384615384615,11,0.0,1.85,13.166,-,New Customer
ORWILLF,453.0,966.9615384615385,811,47.47420165351418,0.5057792848335388,7.78,113.45729325861775,High Growth
ORXPIOH,-,53.65384615384615,45,3.610540666666667,0.3828444444444445,3.293,-,New Customer
ORXPIOHEDS,-,5.961538461538462,5,0.0,0.8752000000000001,4.353,-,New Customer
ORXPIOHI2,-,5.961538461538462,5,0.0,1.1954,5.951,-,New Customer
PAARCMANOR,-,5.961538461538462,5,0.0,1.157,5.754,-,New Customer
PAAUBER,-,5.961538461538462,5,0.0,1.6916,8.427,-,New Customer
PACCTC,206.0,320.7307692307692,269,50.5211036654275,0.5582639405204461,4.801,55.69454817027633,High Growth
PACFF,1182.0,893.0384615384615,749,79.5493573965287,0.8757837116154873,15.723,-24.446830665104777,Negative Growth
PACOGI,-,5.961538461538462,5,0.0,0.4056,2.001,-,New Customer
PACRSCS,1006.0,439.96153846153845,369,23.162527100271003,0.5303008130081301,6.619,-56.266248661874904,Negative Growth
PACVCAI,-,13.115384615384615,11,0.0,0.8727272727272727,4.941,-,New Customer
PADCFCM,108.0,22.653846153846153,19,43.56293836842105,1.605263157894737,5.73,-79.02421652421651,Stable
PAFSH,-,13.115384615384615,11,0.0,0.3439090909090909,2.61,-,New Customer
PAICFSI,20.0,5.961538461538462,5,0.0,1.2746,6.339,-70.1923076923077,Stable
PAJADEW,-,11.923076923076923,10,0.0,1.6106000000000005,10.247,-,New Customer
PAJFKBH,-,13.115384615384615,11,0.0,0.2625454545454545,1.583,-,New Customer
PAKEYSN,1867.0,945.5,793,140.62580574274904,1.05824842370744,14.376,-49.35725763256561,Negative Growth
PALARCHE,44.0,84.65384615384616,71,11.744040352112677,0.792887323943662,7.904,92.39510489510491,Stable
PALCARC,236.0,239.65384615384616,201,20.62899774626866,0.3412238805970149,4.139,1.5482398956975256,Stable
PANORTC,-,5.961538461538462,5,0.0,0.043,0.185,-,New Customer
PAPYRMD,2596.0,1681.1538461538462,1410,215.57422916524823,2.566982978723404,45.971,-35.24060685077634,Negative Growth
PASTRAW,2770.0,2737.5384615384614,2296,68.9435147565331,0.632251306620209,8.542,-1.171896695362403,Stable
PAUNITY,47.0,25.03846153846154,21,5.533928190476191,0.4128095238095238,1.869,-46.726677577741405,Stable
PAVPS,123.0,81.07692307692308,68,7.356151985294118,0.4718970588235294,10.139,-34.0838023764853,Stable
PAWOODS,-,5.961538461538462,5,0.0,0.5222,2.587,-,New Customer
PBH,-,5.961538461538462,5,0.0,1.5628,7.79,-,New Customer
PCFCS,-,5.961538461538462,5,0.0,0.4774,2.363,-,New Customer
PFORP,232.0,493.61538461538464,414,50.97288254830918,0.5732898550724638,6.451,112.76525198938994,High Growth
PIN,1110.0,1709.7692307692307,1434,191.86062607461648,3.429742677824268,257.551,54.033264033264025,High Growth
PSYSVC,-,5.961538461538462,5,0.0,2.675,13.351,-,New Customer
PTHWY,1486.0,1889.8076923076922,1585,416.0856136984227,1.6124182965299685,17.819,27.17413810953514,Medium Growth
PWAYGA,-,11.923076923076923,10,0.0,1.0236,8.877,-,New Customer
RBMHC,951.0,1073.076923076923,900,29.381969341111112,0.55955,23.21,12.836690123756373,Stable
RINEBAS,-,22.653846153846153,19,34.20647215789474,0.7465263157894736,3.069,-,New Customer
SBHIO,36.0,70.34615384615384,59,66.44462945762712,0.9902881355932204,4.785,95.4059829059829,Stable
SCBHS,2785.0,2185.5,1833,294.976506198036,1.6068957992362247,24.538,-21.526032315978455,Negative Growth
SCCTC,2212.0,1482.0384615384614,1243,46.0283644456959,0.672266291230893,18.363,-33.00006955070246,Negative Growth
SCHRC,-,5.961538461538462,5,0.0,0.7048,3.496,-,New Customer
SDLSSSD,352.0,242.03846153846152,203,12.889908497536943,0.4120788177339901,8.23,-31.239073426573434,Negative Growth
SHLTR,528.0,434.0,364,11.346130532967036,0.2940604395604395,5.14,-17.803030303030305,Negative Growth
SIGNL,-,5.961538461538462,5,0.0,1.1868,5.901,-,New Customer
SMEMR,697.0,267.07692307692304,224,98.56723016071427,0.7824241071428572,9.214,-61.68193356141707,Negative Growth
SMTPSY,-,5.961538461538462,5,0.0,1.47,7.324,-,New Customer
SNTRO,-,5.961538461538462,5,0.0,0.6628000000000001,3.275,-,New Customer
SOUND,-,17.884615384615383,15,0.0,0.8704,7.638,-,New Customer
SWANS,1159.0,288.53846153846155,242,119.23749246694214,1.225876033057851,8.183,-75.10453308555121,Negative Growth
TCNBH,-,5.961538461538462,5,0.0,1.5337999999999998,7.636,-,New Customer
TCNMCRC,-,5.961538461538462,5,0.0,0.2633999999999999,1.278,-,New Customer
TCVMH,-,5.961538461538462,5,0.0,1.3112,6.531,-,New Customer
TLLMK,-,27.423076923076923,23,4.8631086521739135,0.4503478260869565,2.495,-,New Customer
TMHCATN,-,5.961538461538462,5,0.0,1.6042,7.998,-,New Customer
TMPMH,-,5.961538461538462,5,0.0,0.9816,4.879,-,New Customer
TNHEALTHCONNECT,3996.0,4347.153846153846,3646,117.22288385765222,1.6048170597915523,23.393,8.787633787633776,Stable
TNQUINCO,-,259.92307692307696,218,9.522449178899082,0.3759862385321101,5.014,-,New Customer
TNRENEW,-,5.961538461538462,5,0.0,0.0396,0.162,-,New Customer
TRAINING,-,5.961538461538462,5,0.0,0.063,0.287,-,New Customer
TRIAL,-,5.961538461538462,5,0.0,0.1446,0.678,-,New Customer
TRLDL,1683.0,1591.7307692307693,1335,16.359359786516855,0.5425662921348314,6.182,-5.423008364184832,Stable
TRLGY,2343.0,493.61538461538464,414,124.04254940096618,3.011669082125604,76.401,-78.93233527036342,Negative Growth
TVC,2849.0,1747.923076923077,1466,16.346984893587997,0.3843697135061391,4.754,-38.647838647838654,Negative Growth
TXATLTS,-,5.961538461538462,5,0.0,0.265,1.298,-,New Customer
TXCAD,-,5.961538461538462,5,0.0,1.2364000000000002,6.154,-,New Customer
TXEPCGC,1722.0,1206.6153846153845,1012,106.92336685573125,0.8543982213438734,10.422,-29.92942017332262,Negative Growth
TXHOUST,-,5.961538461538462,5,0.0,1.3854,6.902,-,New Customer
UCSIA,-,5.961538461538462,5,0.0,0.049,0.216,-,New Customer
UTCPF,-,11.923076923076923,10,0.0,1.7609,15.549,-,New Customer
UTPIHC,-,5.961538461538462,5,0.0,1.3162,6.552,-,New Customer
VBHCS,-,5.961538461538462,5,0.0,0.6642,3.291,-,New Customer
VILAG,224.0,398.2307692307692,334,54.81584904191617,0.8005149700598803,7.419,77.7815934065934,High Growth
VTARISS,3255.0,3115.5,2613,79.54922930271718,0.8762920015308076,13.772,-4.285714285714286,Stable
WAACIHS,76.0,1151.7692307692307,966,32.92378785507246,0.4733964803312629,11.474,1415.4858299595141,High Growth
WAAMBHS,226.0,201.5,169,9.619375964497042,0.4166272189349112,13.935,-10.84070796460177,Stable
WACCDOY,1761.0,406.57692307692304,341,15.778599029325513,0.3409266862170088,6.959,-76.91215655440527,Negative Growth
WACCSWW,602.0,222.96153846153848,187,29.861810748663103,0.358951871657754,2.843,-62.963199591106566,Negative Growth
WACHLDC,-,5.961538461538462,5,0.0,1.65,8.226,-,New Customer
WACLRKC,-,5.961538461538462,5,0.0,1.0002,4.966,-,New Customer
WACRMHS,3856.0,4926.615384615385,4132,53.00750591408519,1.1000070183930302,18.129,27.764921800191512,Medium Growth
WACRSIS,-,5.961538461538462,5,0.0,1.6928,8.425,-,New Customer
WADSBHC,47.0,73.92307692307692,62,7.62137164516129,0.3794677419354839,5.235,57.283142389525366,Stable
WADYTHS,-,5.961538461538462,5,0.0,0.1298,0.607,-,New Customer
WAEXSYC,1931.0,2212.923076923077,1856,106.816872328125,0.6521276939655172,6.581,14.59984862367049,Stable
WAFMLYS,202.0,47.69230769230769,40,15.30363985,1.0121,10.257,-76.3899466869764,Stable
WALIFLN,103.0,509.11538461538464,427,35.578230231850114,0.8569953161592506,9.721,394.2867811799851,High Growth
WAOLYPC,-,5.961538461538462,5,0.0,0.0291999999999999,0.099,-,New Customer
WAPOCCS,24.0,5.961538461538462,5,0.0,0.544,2.693,-75.16025641025642,Stable
WATRITS,854.0,763.0769230769231,640,31.68299375625,0.5697625000000001,6.767,-10.646730318861463,Stable
WAXPIOH,-,5.961538461538462,5,0.0,1.1984,5.962,-,New Customer
WBRGN,-,5.961538461538462,5,0.0,0.267,1.31,-,New Customer
WILDR,227.0,294.5,247,43.85370507692307,0.51748987854251,4.455,29.735682819383257,Medium Growth
WMHCTR,-,5.961538461538462,5,0.0,0.2113999999999999,1.021,-,New Customer
YTHHM,11.0,77.5,65,2.6067602,0.2942153846153846,7.472,604.5454545454546,Stable
ZMBRO,24.0,5.961538461538462,5,0.0,1.9306,9.624,-75.16025641025642,Stable
