Customer,Name,Hour,Queries,Total Runtime,Average Runtime
INDCTR,INDCTR_Writer,13,1477,2371.137,5.132331168831169
INDCTR,INDCTR_Writer,11,530,2301.0528,4.341609056603773
INDCTR,INDCTR_Writer,17,314,604.0756,1.9238076433121019
INDCTR,INDCTR_Viewer,15,40,198.1882,4.954705
INDCTR,INDCTR_Writer,15,23,103.6286,4.505591304347826
OCSDS,OCSDS_Writer,15,170,2721.9848,18.772308965517244
OCSDS,OCSDS_Viewer,17,93,2676.8579,37.70222394366197
OCSDS,OCSDS_Viewer,19,77,2161.6739,28.822318666666664
OCSDS,OCSDS_Viewer,18,178,1414.0698,11.49650243902439
OCSDS,OCSDS_Writer,16,210,1217.1708,6.955261714285715
CAMCC,CAMCC_Writer,18,1667,5924.7552,6.002791489361702
CAMCC,CAMCC_Writer,13,192,1409.8492,9.154864935064936
CAMCC,CAMCC_Viewer,15,533,1050.2135,2.9835610795454546
CAMCC,CAMCC_Writer,15,260,1023.8127,5.043412315270936
CAMCC,CAMCC_Viewer,14,724,869.8605,2.338334677419355
NJSTRES,NJSTRES_Viewer,16,110,502.4388,5.075139393939394
NJSTRES,NJSTRES_Viewer,22,72,475.9309,7.932181666666667
NJSTRES,NJSTRES_Writer,21,69,321.3847,5.843358181818182
NJSTRES,NJSTRES_Writer,20,20,263.1098,13.15549
NJSTRES,NJSTRES_Viewer,20,30,204.8653,6.828843333333333
TNHEALTHCONNECT,TNHEALTHCONNECT_Viewer,18,522,5315.2235,12.303758101851852
TNHEALTHCONNECT,TNHEALTHCONNECT_Viewer,20,933,4909.9749,6.994266239316239
TNHEALTHCONNECT,TNHEALTHCONNECT_Viewer,14,449,4222.8599,11.142110554089712
TNHEALTHCONNECT,TNHEALTHCONNECT_Viewer,15,649,4100.2751,7.231525749559083
TNHEALTHCONNECT,TNHEALTHCONNECT_Viewer,0,181,2872.4283,16.32061534090909
PIN,PIN_Writer,15,1229,5698.495,11.195471512770137
PIN,PIN_Writer,18,216,4989.5229,31.380647169811322
PIN,PIN_Viewer,19,93,4423.1106,55.2888825
PIN,PIN_Writer,13,1277,2593.8562,4.82129405204461
PIN,PIN_Writer,16,454,2160.73,13.095333333333333
ALSPECT,ALSPECT_Writer,15,1821,5646.2345,5.0684331238779174
ALSPECT,ALSPECT_Writer,16,877,2561.3684,4.699758532110091
ALSPECT,ALSPECT_Writer,21,1054,2556.1049,4.2744229096989965
ALSPECT,ALSPECT_Writer,14,702,2282.3357,4.620112753036437
ALSPECT,ALSPECT_Writer,20,619,1713.5797,4.59404745308311
MDJWSCS,MDJWSCS_Writer,16,1686,3476.3812,4.672555376344086
MDJWSCS,MDJWSCS_Writer,14,1368,2958.5307,3.251132637362637
MDJWSCS,MDJWSCS_Writer,15,1125,2616.1518,3.5497310719131616
MDJWSCS,MDJWSCS_Writer,17,1846,2356.0547,3.399790331890332
MDJWSCS,MDJWSCS_Writer,13,724,2065.628,3.7353128390596746
GAAACSB,GAAACSB_Viewer,17,698,2989.1319,4.2824239255014325
GAAACSB,GAAACSB_Viewer,16,427,2279.9879,5.339550117096019
GAAACSB,GAAACSB_Writer,16,75,488.6754,13.207443243243244
GAAACSB,GAAACSB_Writer,21,48,291.4925,7.670855263157895
GAAACSB,GAAACSB_Writer,15,150,287.8791,3.308955172413793
OHSTJOE,OHSTJOE_Viewer,16,213,898.3804,4.361069902912622
OHSTJOE,OHSTJOE_Viewer,22,176,661.7777,4.188466455696203
OHSTJOE,OHSTJOE_Viewer,15,160,585.0629,3.656643125
OHSTJOE,OHSTJOE_Writer,12,134,517.2643,4.04112734375
OHSTJOE,OHSTJOE_Viewer,13,133,395.4405,3.214963414634146
SOUND,SOUND_Viewer,1,176,2560.0011,15.421693373493975
SOUND,SOUND_Writer,19,161,2202.6144,16.56101052631579
SOUND,SOUND_Writer,20,185,1076.7062,7.477126388888889
SOUND,SOUND_Writer,16,137,687.1612,5.41071811023622
SOUND,SOUND_Writer,18,59,211.3387,4.143896078431372
DEMO2,DEMO2_Writer,13,921,27249.8856,103.61173231939163
DEMO2,DEMO2_Writer,10,1703,12518.8557,28.712971788990824
DEMO2,DEMO2_Writer,18,394,5282.155,16.610550314465407
DEMO2,DEMO2_Writer,19,803,1200.9025,3.4019900849858353
DEMO2,DEMO2_Writer,21,672,1155.3774,2.9029582914572867
GAHLND,GAHLND_Writer,10,10567,63546.2117,42.335917188540975
GAHLND,GAHLND_Writer,19,909,9404.3763,22.33818598574822
GAHLND,GAHLND_Viewer,21,675,6000.0141,13.129133698030635
GAHLND,GAHLND_Writer,16,2390,5404.446,13.117587378640776
GAHLND,GAHLND_Writer,14,3288,5168.7004,9.279533931777378
MTHFH,MTHFH_Viewer,14,39,1155.7959,29.63579230769231
MTHFH,MTHFH_Writer,16,75,648.0885,14.72928409090909
MTHFH,MTHFH_Writer,13,182,225.1846,5.117831818181818
MTHFH,MTHFH_Viewer,17,41,213.8714,5.216375609756097
MTHFH,MTHFH_Writer,21,52,131.6323,5.265292
MOQOPC,MOQOPC_Writer,21,282,423.8233,2.3415651933701658
MOQOPC,MOQOPC_Writer,20,209,359.0414,2.7407740458015266
MOQOPC,MOQOPC_Writer,18,148,331.28,2.548307692307692
MOQOPC,MOQOPC_Writer,22,295,308.6399,1.6773907608695653
MOQOPC,MOQOPC_Viewer,15,133,298.8593,3.018780808080808
OHCLS,OHCLS_Viewer,18,183,964.9555,5.812984939759036
OHCLS,OHCLS_Viewer,19,198,780.9125,4.820447530864198
OHCLS,OHCLS_Viewer,17,151,637.4934,5.182873170731707
OHCLS,OHCLS_Viewer,16,132,533.3818,4.7623375
OHCLS,OHCLS_Viewer,13,75,478.992,7.257454545454546
IAAHFA,IAAHFA_Writer,19,37,38.7714,2.280670588235294
PAKEYSN,PAKEYSN_Writer,16,381,1508.4547,7.77553969072165
PAKEYSN,PAKEYSN_Writer,12,167,1109.442,11.206484848484848
PAKEYSN,PAKEYSN_Writer,15,185,930.2535,6.692471223021583
PAKEYSN,PAKEYSN_Viewer,17,236,920.8356,5.547202409638555
PAKEYSN,PAKEYSN_Writer,17,264,911.4157,5.120312921348314
OHLYAFS,OHLYAFS_Writer,10,324,1036.6336,5.484833862433862
OHLYAFS,OHLYAFS_Writer,16,202,386.1273,2.5571344370860927
OHLYAFS,OHLYAFS_Writer,17,156,297.5001,2.63274424778761
OHLYAFS,OHLYAFS_Writer,15,103,261.8825,2.785984042553191
OHLYAFS,OHLYAFS_Writer,21,113,233.387,2.244105769230769
MABOSTN,MABOSTN_Viewer,15,105,593.8679,7.069855952380952
MABOSTN,MABOSTN_Viewer,20,65,416.7122,7.441289285714285
MABOSTN,MABOSTN_Viewer,18,78,400.9198,5.727425714285714
MABOSTN,MABOSTN_Writer,16,118,335.7294,3.4258102040816327
MABOSTN,MABOSTN_Viewer,16,40,232.6306,6.461961111111111
NJTCFGE,NJTCFGE_Writer,14,1108,4718.9385,5.386916095890411
NJTCFGE,NJTCFGE_Writer,18,1142,4273.0733,4.883512342857143
NJTCFGE,NJTCFGE_Writer,19,1162,3614.414,3.8990442286947142
NJTCFGE,NJTCFGE_Writer,13,954,3433.1229,4.696474555403556
NJTCFGE,NJTCFGE_Writer,16,917,3067.4525,3.93263141025641
MSCANPY,MSCANPY_Viewer,15,408,1563.2302,4.259482833787466
MSCANPY,MSCANPY_Viewer,21,422,1506.7135,4.679234472049689
MSCANPY,MSCANPY_Viewer,16,353,1277.2183,5.1088732
MSCANPY,MSCANPY_Viewer,20,447,1033.8743,3.492818581081081
MSCANPY,MSCANPY_Viewer,19,607,975.6042,2.482453435114504
CAHILLS,CAHILLS_Writer,19,58,115.2971,2.9563358974358973
MNNHCFS,MNNHCFS_Writer,17,2,7.6377,3.81885
SDLSSSD,SDLSSSD_Viewer,16,206,632.0347,3.274791191709845
SDLSSSD,SDLSSSD_Viewer,15,246,543.8525,2.417122222222222
SDLSSSD,SDLSSSD_Viewer,14,214,534.3774,2.5325943127962085
SDLSSSD,SDLSSSD_Viewer,18,174,360.8556,2.559259574468085
SDLSSSD,SDLSSSD_Viewer,20,117,337.044,2.8807179487179484
UTCPF,UTCPF_Writer,20,105,408.3729,5.671845833333333
UTCPF,UTCPF_Writer,18,7,17.8906,5.963533333333333
UTCPF,UTCPF_Writer,17,2,8.917,4.4585
LACAHSD,LACAHSD_Writer,13,453,1824.851,6.402985964912281
LACAHSD,LACAHSD_Writer,15,499,1602.1047,4.249614588859417
LACAHSD,LACAHSD_Viewer,14,74,1520.7495,22.697753731343283
LACAHSD,LACAHSD_Writer,14,398,1289.4057,4.902683269961977
LACAHSD,LACAHSD_Writer,16,651,1247.3816,3.7914334346504557
MOPREFH,MOPREFH_Viewer,16,3391,13003.7902,4.226126161845953
MOPREFH,MOPREFH_Viewer,20,3574,11256.6849,3.8856351052813256
MOPREFH,MOPREFH_Viewer,15,3730,11133.1619,3.4747696317103616
MOPREFH,MOPREFH_Viewer,18,3013,10833.2459,3.9479759110787174
MOPREFH,MOPREFH_Viewer,19,3107,10075.1403,3.5227763286713283
NJJHI,NJJHI_Writer,17,28,71.8975,4.49359375
NJJHI,NJJHI_Writer,15,31,45.7966,2.6939176470588233
NJJHI,NJJHI_Writer,19,29,43.4549,2.556170588235294
NJJHI,NJJHI_Writer,18,24,42.6992,2.2473263157894734
NJJHI,NJJHI_Writer,14,29,15.2978,2.5496333333333334
IAYTHSS,IAYTHSS_Viewer,20,147,1003.2122,6.9667513888888895
IAYTHSS,IAYTHSS_Viewer,14,189,653.3781,6.806021875
IAYTHSS,IAYTHSS_Viewer,16,43,572.7557,14.68604358974359
IAYTHSS,IAYTHSS_Viewer,18,127,558.3291,6.492198837209303
IAYTHSS,IAYTHSS_Viewer,19,115,436.0015,4.688188172043011
OHLGRCI,OHLGRCI_Viewer,20,132,577.6196,9.958958620689655
OHLGRCI,OHLGRCI_Viewer,18,45,337.4569,9.641625714285714
OHLGRCI,OHLGRCI_Viewer,15,63,315.9168,11.700622222222224
OHLGRCI,OHLGRCI_Viewer,17,31,234.5259,11.1679
OHLGRCI,OHLGRCI_Viewer,16,59,226.3481,13.314594117647058
MAMENT,MAMENT_Viewer,20,40,70.9077,2.8363080000000003
UTPIHC,UTPIHC_Viewer,21,134,981.5118,10.905686666666666
UTPIHC,UTPIHC_Viewer,16,167,931.6695,9.41080303030303
UTPIHC,UTPIHC_Viewer,17,151,795.7966,6.266114960629921
UTPIHC,UTPIHC_Viewer,11,100,554.7406,5.547406
UTPIHC,UTPIHC_Viewer,15,60,536.161,9.244155172413793
OHPEPRO,OHPEPRO_Writer,17,20,114.2967,6.015615789473684
CAMHALA,CAMHALA_Viewer,21,371,879.4403,2.705970153846154
CAMHALA,CAMHALA_Viewer,16,294,760.4078,3.1164254098360655
CAMHALA,CAMHALA_Viewer,22,317,714.2757,2.790139453125
CAMHALA,CAMHALA_Viewer,18,400,684.917,2.1812643312101914
CAMHALA,CAMHALA_Viewer,23,176,665.9038,4.214581012658228
IALUTSV,IALUTSV_Writer,18,1439,2003.2028,2.6709370666666667
IALUTSV,IALUTSV_Writer,15,1057,1935.2807,3.141689448051948
IALUTSV,IALUTSV_Writer,17,1244,1662.5948,2.0128266343825665
IALUTSV,IALUTSV_Writer,16,1270,1515.4862,1.9110796973518285
IALUTSV,IALUTSV_Writer,14,890,1413.8561,2.8913212678936606
OHFAMCC,OHFAMCC_Writer,16,715,4498.4611,7.106573617693524
OHFAMCC,OHFAMCC_Viewer,16,657,3266.3875,6.891112869198312
OHFAMCC,OHFAMCC_Writer,19,651,3000.1884,5.682175
OHFAMCC,OHFAMCC_Viewer,18,816,2391.3645,3.913853518821604
OHFAMCC,OHFAMCC_Viewer,20,706,2154.7734,4.192166147859922
KSCKMHC,KSCKMHC_Writer,16,311,1211.6295,4.521005597014925
KSCKMHC,KSCKMHC_Viewer,21,355,1061.8843,3.114030205278592
KSCKMHC,KSCKMHC_Viewer,19,382,935.7069,2.8269090634441087
KSCKMHC,KSCKMHC_Writer,20,198,923.7658,5.702258024691358
KSCKMHC,KSCKMHC_Writer,17,489,846.0457,2.783045065789474
AKFBNAT,AKFBNAT_Viewer,17,357,1287.9268,5.624134497816594
AKFBNAT,AKFBNAT_Writer,20,328,1054.2328,4.054741538461538
AKFBNAT,AKFBNAT_Writer,19,456,1015.683,2.7376900269541777
AKFBNAT,AKFBNAT_Writer,17,274,914.3759,3.8419155462184875
AKFBNAT,AKFBNAT_Writer,18,292,860.6094,3.4984121951219516
LAVOASL,LAVOASL_Viewer,19,279,2379.847,9.224213178294574
LAVOASL,LAVOASL_Viewer,20,154,623.6644,4.049768831168831
LAVOASL,LAVOASL_Writer,13,109,597.5368,6.948102325581395
LAVOASL,LAVOASL_Viewer,13,219,498.1697,3.3889095238095237
LAVOASL,LAVOASL_Viewer,18,162,439.7146,3.4897984126984127
AROBHAW,AROBHAW_Viewer,20,1005,3757.7449,4.255656738391846
AROBHAW,AROBHAW_Viewer,19,816,3117.933,3.9268677581863978
AROBHAW,AROBHAW_Viewer,15,495,1838.9607,3.745337474541752
AROBHAW,AROBHAW_Viewer,12,379,1565.3646,4.672730149253732
AROBHAW,AROBHAW_Viewer,14,459,1480.9462,3.428116203703704
OHFSRVA,OHFSRVA_Writer,20,2,9.9253,4.96265
CTCWBGC,CTCWBGC_Viewer,12,138,1028.3665,8.429233606557379
CTCWBGC,CTCWBGC_Viewer,16,48,179.4752,3.7390666666666665
CTCWBGC,CTCWBGC_Viewer,14,62,178.2192,3.7129
CTCWBGC,CTCWBGC_Viewer,13,23,121.5473,8.103153333333333
CTCWBGC,CTCWBGC_Viewer,18,23,113.9172,4.952921739130434
OCMACC,OCMACC_Writer,18,45,253.6247,8.454156666666666
ILAUNTM,ILAUNTM_Writer,14,2527,5178.0859,4.690295199275362
ILAUNTM,ILAUNTM_Writer,15,4140,5008.4261,3.9686419175911247
ILAUNTM,ILAUNTM_Writer,20,3218,4990.7738,4.6949894637817495
ILAUNTM,ILAUNTM_Writer,18,2042,4127.7967,4.326830922431865
ILAUNTM,ILAUNTM_Writer,16,1374,4036.9368,5.222427943078913
TXEPCGC,TXEPCGC_Writer,21,539,1444.7295,3.936592643051771
TXEPCGC,TXEPCGC_Writer,16,297,1314.7551,6.993378191489362
TXEPCGC,TXEPCGC_Viewer,15,128,699.1785,5.778334710743802
TXEPCGC,TXEPCGC_Writer,15,278,657.1303,4.006892073170732
TXEPCGC,TXEPCGC_Writer,20,302,595.0637,2.46914398340249
NJPREBH,NJPREBH_Writer,17,162,945.4956,6.099971612903226
NJPREBH,NJPREBH_Writer,19,67,314.5441,4.992763492063492
NJPREBH,NJPREBH_Viewer,18,65,175.9811,3.1425196428571427
NJPREBH,NJPREBH_Writer,20,96,155.6675,2.7797767857142857
NJPREBH,NJPREBH_Writer,22,19,155.0447,8.160247368421054
GAIT,GAIT_Viewer,15,486,6072.2238,14.287585411764706
GAIT,GAIT_Viewer,13,669,5657.2275,10.574257009345795
GAIT,GAIT_Viewer,18,361,5097.2958,16.878462913907285
GAIT,GAIT_Viewer,19,387,4031.4146,10.984780926430519
GAIT,GAIT_Viewer,17,381,3752.0961,10.781885344827586
GALKT,GALKT_Viewer,17,112,1969.0929,22.376055681818183
GALKT,GALKT_Writer,17,146,1314.41,11.331120689655172
GALKT,GALKT_Viewer,18,115,1045.2124,11.002235789473684
GALKT,GALKT_Writer,18,186,743.494,6.465165217391305
GALKT,GALKT_Viewer,14,56,692.0009,12.357158928571428
GAGTWY,GAGTWY_Writer,16,150,2152.9222,16.310016666666666
GAGTWY,GAGTWY_Writer,14,105,1599.7185,23.87639552238806
GAGTWY,GAGTWY_Writer,15,130,1266.8005,14.730238372093025
GAGTWY,GAGTWY_Writer,17,154,1168.3028,7.635966013071895
GAGTWY,GAGTWY_Writer,12,76,906.3147,12.084196
BHNINC,BHNINC_Viewer,17,1266,33878.3248,31.36881925925926
BHNINC,BHNINC_Viewer,13,1242,32512.9392,36.82099569648924
BHNINC,BHNINC_Viewer,15,1120,31045.4618,32.47433242677825
BHNINC,BHNINC_Viewer,14,1129,24390.3374,26.113851605995716
BHNINC,BHNINC_Viewer,18,1020,23564.2269,26.446943771043774
PAPYRMD,PAPYRMD_Viewer,17,477,4261.3527,10.293122463768118
PAPYRMD,PAPYRMD_Viewer,13,201,4009.46,20.667319587628867
PAPYRMD,PAPYRMD_Viewer,21,384,3635.8071,11.579003503184714
PAPYRMD,PAPYRMD_Viewer,19,322,3521.4681,12.227319791666666
PAPYRMD,PAPYRMD_Viewer,15,309,3478.1917,13.9127668
VBHCS,VBHCS_Viewer,23,25,197.0454,19.70454
OAKLAWN,OAKLAWN_Writer,16,5395,19291.2416,15.274142201108473
OAKLAWN,OAKLAWN_Writer,20,4283,15703.8963,10.997126260504201
OAKLAWN,OAKLAWN_Writer,17,4192,13261.8658,13.040182694198624
OAKLAWN,OAKLAWN_Writer,18,3904,12723.9229,12.401484307992202
OAKLAWN,OAKLAWN_Writer,19,2247,10747.3945,12.254725769669328
DECNXNS,DECNXNS_Writer,13,183,7150.75,53.765037593984964
DECNXNS,DECNXNS_Writer,15,125,4129.6606,46.92796136363636
DECNXNS,DECNXNS_Writer,12,22,2735.5384,124.34265454545454
DECNXNS,DECNXNS_Writer,14,135,2388.3531,20.950465789473682
DECNXNS,DECNXNS_Writer,17,53,2270.9338,49.368126086956515
SCBHS,SCBHS_Viewer,17,458,3954.3979,9.505764182692307
SCBHS,SCBHS_Viewer,13,454,2940.1791,8.055285205479452
SCBHS,SCBHS_Viewer,18,380,2591.4886,8.02318452012384
SCBHS,SCBHS_Viewer,19,375,2083.5943,6.6356506369426755
SCBHS,SCBHS_Viewer,12,361,2051.1126,6.553075399361022
CPSVC,CPSVC_Viewer,16,16,162.3439,10.14649375
GBCTR,GBCTR_Viewer,15,388,2150.3408,7.545055438596491
GBCTR,GBCTR_Viewer,18,133,829.7746,6.857641322314049
GBCTR,GBCTR_Viewer,13,103,728.554,7.3591313131313125
GBCTR,GBCTR_Viewer,16,101,590.5872,6.15195
GBCTR,GBCTR_Writer,13,128,573.6596,4.903073504273504
OHBRITV,OHBRITV_Viewer,14,155,1024.3248,9.663441509433962
OHBRITV,OHBRITV_Viewer,12,44,624.4663,15.611657500000002
OHBRITV,OHBRITV_Viewer,17,69,549.7363,10.372383018867925
OHBRITV,OHBRITV_Viewer,13,71,497.2612,9.562715384615384
OHBRITV,OHBRITV_Viewer,16,22,237.2035,13.177972222222222
KYSELFR,KYSELFR_Viewer,16,540,7094.1886,14.872512788259959
KYSELFR,KYSELFR_Viewer,12,385,6901.1721,21.169239570552147
KYSELFR,KYSELFR_Viewer,17,465,4252.0222,9.14413376344086
KYSELFR,KYSELFR_Viewer,13,339,2822.8226,9.440878260869566
KYSELFR,KYSELFR_Viewer,22,361,2658.3282,10.46585905511811
DPHMH,DPHMH_Viewer,14,155,812.2314,6.296367441860466
DPHMH,DPHMH_Viewer,19,93,745.6799,9.205924691358025
DPHMH,DPHMH_Viewer,21,159,672.5873,5.057047368421053
DPHMH,DPHMH_Viewer,20,80,603.547,7.639835443037975
DPHMH,DPHMH_Viewer,16,103,482.7489,4.976792783505155
ARCHTEMP,ARCHTEMP_Viewer,21,37,132.5071,3.785917142857143
DEMOSYS,DEMOSYS_Viewer,21,169,322.4245,2.6646652892561984
DEMOSYS,DEMOSYS_Viewer,20,237,280.6543,1.7218055214723924
DEMOSYS,DEMOSYS_Writer,17,74,262.9922,4.696289285714286
DEMOSYS,DEMOSYS_Viewer,15,27,87.4131,3.237522222222222
DEMOSYS,DEMOSYS_Writer,19,83,84.8039,1.4877877192982456
DEMOSYS_CRED,DEMOSYS_CRED_Viewer,16,11,28.8284,2.88284
DEMOSYS_CRED,DEMOSYS_CRED_Viewer,19,10,7.2359,0.72359
DEMOSYS_CRED,DEMOSYS_CRED_Viewer,15,4,3.5054,0.87635
DEMOSYS_CRED,DEMOSYS_CRED_Viewer,18,1,1.7776,1.7776
CASCHARP,CASCHARP_Writer,19,767,4122.2655,6.5956248
CASCHARP,CASCHARP_Writer,0,543,3603.173,7.522281837160751
CASCHARP,CASCHARP_Viewer,23,557,2644.4026,5.532223012552301
CASCHARP,CASCHARP_Writer,17,339,2484.6394,7.4168340298507465
CASCHARP,CASCHARP_Writer,18,366,2003.1389,5.473057103825137
NYIBDCC,NYIBDCC_Writer,15,922,3114.0033,5.038840291262136
NYIBDCC,NYIBDCC_Writer,16,358,2336.8799,7.948571088435374
NYIBDCC,NYIBDCC_Writer,20,605,2121.6547,5.3041367500000005
NYIBDCC,NYIBDCC_Writer,14,385,2055.059,7.261692579505301
NYIBDCC,NYIBDCC_Writer,17,300,1903.8194,8.423979646017699
DRUMMOND,DRUMMOND_Viewer,16,21,38.8508,1.8500380952380953
NJCMMAU,NJCMMAU_Writer,17,115,1958.3349,19.98300918367347
NJCMMAU,NJCMMAU_Writer,18,156,1840.9232,16.148449122807015
NJCMMAU,NJCMMAU_Writer,19,50,1276.5611,25.531222
NJCMMAU,NJCMMAU_Viewer,19,126,949.7319,10.10353085106383
NJCMMAU,NJCMMAU_Writer,13,135,938.3494,9.199503921568628
OHWOMENS,OHWOMENS_Viewer,18,230,632.6371,2.8626113122171946
OHWOMENS,OHWOMENS_Viewer,15,188,555.2532,3.365170909090909
OHWOMENS,OHWOMENS_Viewer,14,235,537.6646,3.020587640449438
OHWOMENS,OHWOMENS_Viewer,20,59,311.7419,5.2837610169491525
OHWOMENS,OHWOMENS_Viewer,16,90,245.944,2.9993170731707317
CAMASADA,CAMASADA_Writer,16,402,732.581,3.1713463203463204
CAMASADA,CAMASADA_Writer,21,484,511.5707,1.5225318452380951
CAMASADA,CAMASADA_Writer,22,432,429.6312,1.5398967741935483
CAMASADA,CAMASADA_Writer,20,123,250.3159,2.2151849557522123
CAMASADA,CAMASADA_Writer,18,215,247.4364,1.4469964912280702
LABCMHOLD,LABCMHOLD_Writer,14,1725,5236.5631,3.2264714109673447
LABCMHOLD,LABCMHOLD_Writer,19,1211,3761.9165,3.2402381567614125
LABCMHOLD,LABCMHOLD_Writer,20,771,2726.1609,3.6155980106100793
LABCMHOLD,LABCMHOLD_Writer,16,599,1857.0362,4.037035217391304
LABCMHOLD,LABCMHOLD_Writer,15,530,1725.0149,3.623980882352941
OHISBHOHIO,OHISBHOHIO_Viewer,16,21,227.1789,11.956784210526315
OHISBHOHIO,OHISBHOHIO_Viewer,15,60,214.992,4.999813953488371
OHISBHOHIO,OHISBHOHIO_Viewer,17,10,60.0423,6.00423
OHISBHOHIO,OHISBHOHIO_Viewer,18,5,20.1121,4.02242
CTBHCAR,CTBHCAR_Viewer,13,66,627.9894,9.51499090909091
CTBHCAR,CTBHCAR_Viewer,18,48,558.171,11.628562500000001
CTBHCAR,CTBHCAR_Viewer,16,81,522.736,6.5342
CTBHCAR,CTBHCAR_Viewer,17,48,254.9147,7.966084375
CTBHCAR,CTBHCAR_Viewer,19,19,114.2748,6.0144631578947365
DRENK,DRENK_Viewer,3,10,46.349,4.6349
DRENK,DRENK_Viewer,19,11,40.8508,3.713709090909091
OHJCESC,OHJCESC_Viewer,14,115,902.5617,8.205106363636363
OHJCESC,OHJCESC_Viewer,18,4,37.1207,9.280175
OHJCESC,OHJCESC_Viewer,15,3,14.3963,4.798766666666666
MALCFTD,MALCFTD_Viewer,0,7,4.9883,0.7126142857142856
TRLGY,TRLGY_Viewer,19,394,7153.818,19.653346153846154
TRLGY,TRLGY_Viewer,16,721,5272.6691,9.674622201834863
TRLGY,TRLGY_Viewer,14,213,1889.4806,10.67503163841808
TRLGY,TRLGY_Viewer,17,206,1809.2307,11.7482512987013
TRLGY,TRLGY_Viewer,8,52,1452.1362,29.635432653061223
CPLSY,CPLSY_Viewer,17,193,346.2839,2.4559141843971632
CPLSY,CPLSY_Viewer,16,122,247.6414,2.0298475409836065
CPLSY,CPLSY_Viewer,18,69,95.5802,2.1240044444444446
CPLSY,CPLSY_Viewer,15,89,83.3847,1.389745
CPLSY,CPLSY_Writer,19,6,74.7668,12.461133333333335
DEMO7,DEMO7_Writer,21,48,116.2317,2.7674214285714287
NJJWFCS,NJJWFCS_Viewer,16,10,66.5628,6.65628
OHNDI,OHNDI_Viewer,16,205,592.0754,6.167452083333333
OHNDI,OHNDI_Viewer,18,84,386.7433,5.0226402597402595
OHNDI,OHNDI_Viewer,17,76,299.641,4.912147540983607
OHNDI,OHNDI_Viewer,20,29,169.0247,6.50095
OHNDI,OHNDI_Viewer,14,51,128.372,3.469513513513514
WAACIHS,WAACIHS_Writer,21,152,432.6182,4.081303773584906
WAACIHS,WAACIHS_Writer,23,196,203.1893,1.8989654205607478
WAACIHS,WAACIHS_Writer,20,95,166.6815,2.4877835820895524
WAACIHS,WAACIHS_Writer,16,126,149.9589,3.33242
WAACIHS,WAACIHS_Writer,19,77,137.8343,2.3764534482758624
CTJFSGH,CTJFSGH_Viewer,11,8,20.7672,2.966742857142857
CTJFSGH,CTJFSGH_Viewer,10,3,16.4175,5.4725
OHBLHBS,OHBLHBS_Viewer,18,993,9498.5122,11.843531421446382
OHBLHBS,OHBLHBS_Viewer,16,1113,8848.7608,10.509217102137768
OHBLHBS,OHBLHBS_Viewer,15,1637,8644.2896,7.2035746666666665
OHBLHBS,OHBLHBS_Writer,15,1607,7580.8636,9.98796258234519
OHBLHBS,OHBLHBS_Viewer,19,1117,7143.4793,8.71156012195122
WACCSWW,WACCSWW_Viewer,21,238,544.1749,2.2864491596638654
WACCSWW,WACCSWW_Viewer,20,63,240.6486,3.8198190476190472
WACCSWW,WACCSWW_Viewer,23,153,229.5956,1.8974842975206612
WACCSWW,WACCSWW_Viewer,22,106,203.9291,1.9993049019607845
WACCSWW,WACCSWW_Writer,20,60,182.9775,3.4524056603773583
DEMO5,DEMO5_Writer,12,118,1213.4488,10.28346440677966
DEMO5,DEMO5_Writer,21,217,1207.0698,6.45491871657754
DEMO5,DEMO5_Writer,16,181,1205.3912,7.486901863354038
DEMO5,DEMO5_Writer,14,138,1062.2865,8.430845238095237
DEMO5,DEMO5_Writer,19,278,843.5456,3.471381069958848
MOSBH,MOSBH_Writer,21,3038,5234.9757,3.0775871252204587
MOSBH,MOSBH_Writer,15,4359,4821.7303,2.145852380952381
MOSBH,MOSBH_Writer,13,2166,4785.3304,3.9482924092409237
MOSBH,MOSBH_Writer,20,2818,3992.8406,2.375276977989292
MOSBH,MOSBH_Writer,14,3041,3214.6927,1.6368089103869654
DEMO3,DEMO3_Writer,21,152,217.6338,1.9431589285714286
DEMO3,DEMO3_Writer,20,59,134.3482,2.3569859649122806
DEMO3,DEMO3_Viewer,19,39,126.9115,3.254141025641026
DEMO3,DEMO3_Writer,17,77,123.0209,1.809130882352941
DEMO3,DEMO3_Writer,18,25,49.0329,2.0430375
LARMSRV,LARMSRV_Viewer,17,44,140.6638,3.1969045454545455
LARMSRV,LARMSRV_Viewer,18,63,135.8806,5.032614814814814
LARMSRV,LARMSRV_Viewer,20,25,77.7857,4.575629411764706
LARMSRV,LARMSRV_Viewer,23,4,19.1284,4.7821
MAUMSMH,MAUMSMH_Viewer,18,668,12584.1761,23.878892030360532
MAUMSMH,MAUMSMH_Viewer,19,624,5992.3439,12.057029979879275
MAUMSMH,MAUMSMH_Viewer,15,629,5349.6038,11.333906355932204
MAUMSMH,MAUMSMH_Viewer,17,308,3962.6095,14.152176785714286
MAUMSMH,MAUMSMH_Viewer,14,888,3666.938,5.384637298091043
PAUNITY,PAUNITY_Viewer,13,16,104.8267,6.55166875
PAUNITY,PAUNITY_Viewer,23,6,17.4474,2.9078999999999997
ORXPIOH,ORXPIOH_Viewer,18,98,258.7644,3.4047947368421054
ORXPIOH,ORXPIOH_Viewer,19,32,240.5265,7.516453125
ORXPIOH,ORXPIOH_Viewer,0,62,216.8327,3.8040824561403506
ORXPIOH,ORXPIOH_Viewer,15,60,158.9639,4.075997435897436
ORXPIOH,ORXPIOH_Viewer,21,20,65.6734,3.28367
WAPOCCS,WAPOCCS_Viewer,21,50,184.3192,4.189072727272727
WAPOCCS,WAPOCCS_Viewer,20,20,74.2837,3.7141849999999996
WAPOCCS,WAPOCCS_Viewer,18,15,49.4395,3.2959666666666667
WAPOCCS,WAPOCCS_Viewer,15,7,34.9891,4.998442857142857
WAPOCCS,WAPOCCS_Viewer,17,4,22.6597,5.664925
LIFECARE,LIFECARE_Viewer,15,1122,4568.3424,4.656822018348624
LIFECARE,LIFECARE_Viewer,16,914,4298.1925,5.640672572178477
LIFECARE,LIFECARE_Viewer,21,904,4171.9563,5.762370580110497
LIFECARE,LIFECARE_Viewer,14,1061,3947.1931,4.843181717791411
LIFECARE,LIFECARE_Viewer,13,791,3503.3451,5.348618473282443
OHDAYBK,OHDAYBK_Viewer,12,509,1804.4078,4.176869907407407
OHDAYBK,OHDAYBK_Viewer,16,449,1085.6456,3.5478614379084967
OHDAYBK,OHDAYBK_Viewer,19,613,1057.4585,2.442167436489607
OHDAYBK,OHDAYBK_Viewer,17,786,965.6209,2.3842491358024693
OHDAYBK,OHDAYBK_Viewer,13,503,912.0791,2.747226204819277
PASTRAW,PASTRAW_Viewer,12,438,2280.1066,7.451328758169935
PASTRAW,PASTRAW_Viewer,13,547,1971.7253,4.785741019417476
PASTRAW,PASTRAW_Viewer,16,220,1910.7766,10.218056684491978
PASTRAW,PASTRAW_Writer,12,534,1594.4899,3.908063480392157
PASTRAW,PASTRAW_Viewer,15,474,1574.6859,4.386311699164345
SBHIO,SBHIO_Viewer,14,16,122.9539,7.68461875
SBHIO,SBHIO_Viewer,20,25,111.0973,4.443892
SBHIO,SBHIO_Viewer,17,18,91.3371,5.074283333333334
SBHIO,SBHIO_Viewer,11,4,29.6871,7.421775
IAYHFS,IAYHFS_Viewer,15,61,142.9887,2.4653224137931034
IAYHFS,IAYHFS_Viewer,18,62,116.6962,1.8821967741935484
IAYHFS,IAYHFS_Viewer,13,50,90.8219,2.2705475
IAYHFS,IAYHFS_Viewer,12,26,47.7291,1.8357346153846155
IAYHFS,IAYHFS_Viewer,14,6,19.1393,3.189883333333333
ORFAMSL,ORFAMSL_Writer,2,5,199.7461,66.58203333333334
ORFAMSL,ORFAMSL_Writer,17,31,118.8776,3.9625866666666667
ORFAMSL,ORFAMSL_Writer,0,31,108.2841,3.60947
ORFAMSL,ORFAMSL_Writer,18,26,101.5136,4.060544
ORFAMSL,ORFAMSL_Writer,19,21,73.0883,3.4803952380952383
ORSLNMH,ORSLNMH_Writer,17,717,1650.4584,2.4893791855203617
ORSLNMH,ORSLNMH_Writer,23,397,1329.803,4.181770440251572
ORSLNMH,ORSLNMH_Writer,18,571,1310.8598,2.8621393013100436
ORSLNMH,ORSLNMH_Writer,16,337,909.6292,2.924852733118971
ORSLNMH,ORSLNMH_Writer,21,216,790.6954,4.161554736842105
CTJFSGNH,CTJFSGNH_Viewer,16,104,187.1168,2.368567088607595
CTJFSGNH,CTJFSGNH_Writer,19,28,141.0769,5.038460714285714
CTJFSGNH,CTJFSGNH_Viewer,14,24,126.0931,6.304655
CTJFSGNH,CTJFSGNH_Writer,20,40,112.7988,2.81997
CTJFSGNH,CTJFSGNH_Viewer,20,10,83.4466,8.344660000000001
NYCASES,NYCASES_Viewer,16,186,890.2268,5.330699401197605
NYCASES,NYCASES_Viewer,14,127,376.5734,4.592358536585365
NYCASES,NYCASES_Viewer,17,117,282.9028,4.1603352941176475
NYCASES,NYCASES_Viewer,18,66,253.9749,3.9073061538461538
NYCASES,NYCASES_Viewer,9,56,250.7209,5.3344872340425535
FCDHS,FCDHS_Viewer,15,175,333.241,3.400418367346939
FCDHS,FCDHS_Viewer,14,150,227.7005,3.077033783783784
FCDHS,FCDHS_Viewer,19,77,105.9238,1.8914964285714286
FCDHS,FCDHS_Viewer,21,1,16.0744,16.0744
PTHWY,PTHWY_Writer,20,364,1600.2368,6.300144881889763
PTHWY,PTHWY_Writer,21,286,1362.9299,5.849484549356224
PTHWY,PTHWY_Writer,5,97,1355.7974,13.977292783505154
PTHWY,PTHWY_Writer,16,278,1243.0319,5.500141150442477
PTHWY,PTHWY_Writer,14,311,1068.7003,4.126255984555985
OHPIKEC,OHPIKEC_Viewer,2,66,864.1863,14.403105
OHPIKEC,OHPIKEC_Viewer,15,60,268.9927,4.483211666666667
OHPIKEC,OHPIKEC_Viewer,16,91,243.2654,2.9309084337349396
OHPIKEC,OHPIKEC_Viewer,13,58,175.5972,3.5119439999999997
OHPIKEC,OHPIKEC_Viewer,12,81,153.99,3.14265306122449
WADSBHC,WADSBHC_Writer,20,275,615.8306,3.158105641025641
WADSBHC,WADSBHC_Writer,21,200,221.3644,2.8020810126582276
WADSBHC,WADSBHC_Writer,23,71,133.2331,2.337422807017544
WADSBHC,WADSBHC_Writer,15,19,77.3413,4.070594736842105
WADSBHC,WADSBHC_Viewer,19,9,37.9082,4.212022222222222
NJJFCHS,NJJFCHS_Viewer,21,30,81.6998,5.446653333333333
PACCTC,PACCTC_Viewer,17,181,667.5843,4.095609202453987
PACCTC,PACCTC_Viewer,18,118,350.4816,3.21542752293578
PACCTC,PACCTC_Viewer,16,72,233.4654,4.025265517241379
PACCTC,PACCTC_Viewer,15,81,204.1511,3.519846551724138
PACCTC,PACCTC_Viewer,13,35,107.2424,3.459432258064516
ISAOH,ISAOH_Viewer,14,269,3136.3494,19.725467924528303
ISAOH,ISAOH_Viewer,13,139,2255.1875,23.249355670103093
ISAOH,ISAOH_Viewer,23,75,2086.9884,28.588882191780826
ISAOH,ISAOH_Viewer,15,170,1739.14,11.830884353741498
ISAOH,ISAOH_Viewer,18,214,1324.8621,7.047138829787234
PAVPS,PAVPS_Viewer,18,35,112.1896,3.2054171428571427
PAVPS,PAVPS_Viewer,19,35,107.0894,3.2451333333333334
PAVPS,PAVPS_Viewer,14,17,47.677,2.804529411764706
PAVPS,PAVPS_Viewer,12,12,41.9925,3.499375
PAVPS,PAVPS_Viewer,17,8,34.8304,4.3538
TVC,TVC_Viewer,21,293,1162.4858,3.967528327645051
TVC,TVC_Viewer,17,473,988.9087,2.7546203342618383
TVC,TVC_Viewer,14,465,829.7708,2.2186385026737967
TVC,TVC_Viewer,20,481,802.3774,2.380941839762611
TVC,TVC_Viewer,15,309,631.3305,2.663841772151899
DEMO1,DEMO1_Writer,22,47,89.9029,2.365865789473684
DEMO11,DEMO11_Writer,13,98,357.842,4.066386363636363
DEMO11,DEMO11_Writer,15,61,242.2547,3.9713885245901643
DEMO11,DEMO11_Viewer,16,19,233.3097,12.279457894736842
DEMO11,DEMO11_Viewer,15,65,227.9397,3.5067646153846153
DEMO11,DEMO11_Writer,17,65,205.4315,3.1604846153846156
DEMO,DEMO_Writer,15,19,196.9312,13.128746666666666
DEMO,DEMO_Writer,18,37,81.5953,3.5476217391304345
DEMO,DEMO_Writer,13,2,80.8417,40.42085
DEMO,DEMO_Viewer,22,32,59.8726,2.1383071428571427
DEMO,DEMO_Viewer,18,50,37.7491,1.8874549999999999
DEMO6,DEMO6_Writer,18,180,583.9481,3.767407096774193
DEMO6,DEMO6_Writer,16,143,538.0736,5.547150515463918
DEMO6,DEMO6_Writer,15,94,497.6335,5.529261111111111
DEMO6,DEMO6_Writer,21,61,235.9612,3.868216393442623
DEMO6,DEMO6_Writer,14,76,217.4108,3.0195944444444445
MERIDIAN,MERIDIAN_Viewer,14,4209,36097.2915,8.59050249881009
MERIDIAN,MERIDIAN_Writer,19,485,7727.717,18.940482843137254
MERIDIAN,MERIDIAN_Viewer,13,2567,7619.4165,2.968218348266459
MERIDIAN,MERIDIAN_Writer,21,129,4170.4633,39.718698095238096
MERIDIAN,MERIDIAN_Writer,18,248,3754.8962,19.972852127659575
KYCHONK,KYCHONK_Writer,13,888,2830.1157,8.155953025936599
KYCHONK,KYCHONK_Writer,10,1160,1880.1726,4.352251388888889
KYCHONK,KYCHONK_Viewer,16,289,1257.3794,5.090604858299595
KYCHONK,KYCHONK_Writer,15,194,987.134,5.141322916666667
KYCHONK,KYCHONK_Viewer,13,302,978.4692,3.8674671936758895
MNHDC,MNHDC_Viewer,20,80,1535.1539,22.24860724637681
MNHDC,MNHDC_Viewer,21,35,342.1696,10.063811764705882
MNHDC,MNHDC_Viewer,15,61,298.496,5.969919999999999
MNHDC,MNHDC_Viewer,18,48,293.161,6.817697674418604
MNHDC,MNHDC_Viewer,14,49,281.4211,8.27709117647059
CACMMHC,CACMMHC_Viewer,21,1634,4409.3747,4.720957922912206
CACMMHC,CACMMHC_Viewer,22,1048,2151.8083,3.4428932800000003
CACMMHC,CACMMHC_Viewer,20,959,2044.7204,3.4307389261744965
CACMMHC,CACMMHC_Viewer,16,792,1891.2596,3.7376671936758896
CACMMHC,CACMMHC_Viewer,19,783,1741.455,3.455267857142857
GAPINES,GAPINES_Viewer,16,202,1972.2152,12.723969032258065
GAPINES,GAPINES_Viewer,15,226,1833.48,11.179756097560976
GAPINES,GAPINES_Viewer,17,215,1314.6895,8.481867741935483
GAPINES,GAPINES_Viewer,13,537,1206.8109,4.554003396226415
GAPINES,GAPINES_Viewer,18,338,1087.8813,4.629282127659574
MAINSHR,MAINSHR_Viewer,19,19,62.6783,3.2988578947368423
PACOGI,PACOGI_Viewer,15,264,770.8619,4.235504945054945
PACOGI,PACOGI_Viewer,17,178,668.3703,4.70683309859155
PACOGI,PACOGI_Viewer,16,99,284.8808,3.130558241758242
PACOGI,PACOGI_Viewer,18,63,266.5132,4.8456945454545455
PACOGI,PACOGI_Viewer,19,25,180.3291,7.840395652173913
PWAYGA,PWAYGA_Viewer,3,4,86.904,21.726
PWAYGA,PWAYGA_Viewer,6,9,61.8104,6.867822222222222
CTCGCCL,CTCGCCL_Viewer,15,217,712.6152,4.119163005780346
CTCGCCL,CTCGCCL_Viewer,14,290,508.9081,2.570242929292929
CTCGCCL,CTCGCCL_Viewer,20,154,291.6171,2.916171
CTCGCCL,CTCGCCL_Viewer,16,59,213.3126,3.6154677966101696
CTCGCCL,CTCGCCL_Viewer,17,42,123.1802,2.932861904761905
OHHPSYS,OHHPSYS_Viewer,16,763,4187.737,10.314623152709359
OHHPSYS,OHHPSYS_Viewer,17,302,2148.5698,11.018306666666668
OHHPSYS,OHHPSYS_Viewer,15,218,1463.2924,10.377960283687944
OHHPSYS,OHHPSYS_Viewer,18,172,918.9808,6.426439160839161
OHHPSYS,OHHPSYS_Viewer,19,205,378.4343,3.409318018018018
ILOMNIY,ILOMNIY_Writer,20,259,555.1586,2.803831313131313
ILOMNIY,ILOMNIY_Writer,19,252,519.7675,2.7071223958333337
ILOMNIY,ILOMNIY_Writer,16,400,480.576,2.948319018404908
ILOMNIY,ILOMNIY_Writer,21,278,473.502,1.9566198347107437
ILOMNIY,ILOMNIY_Writer,18,242,460.6755,2.3746159793814434
MASTPST,MASTPST_Viewer,12,141,278.2055,2.70102427184466
MASTPST,MASTPST_Viewer,18,57,186.7119,3.275647368421053
MASTPST,MASTPST_Viewer,19,85,186.0804,2.355448101265823
MASTPST,MASTPST_Viewer,13,85,164.382,2.453462686567164
MASTPST,MASTPST_Viewer,16,81,154.2532,2.2684294117647057
ALBRIGE,ALBRIGE_Viewer,19,168,606.6395,4.0174801324503315
ALBRIGE,ALBRIGE_Viewer,22,175,394.2373,2.8362395683453236
ALBRIGE,ALBRIGE_Writer,20,73,392.7402,8.1820875
ALBRIGE,ALBRIGE_Viewer,15,159,387.9767,3.344626724137931
ALBRIGE,ALBRIGE_Viewer,14,117,309.6284,2.7400743362831856
CTCJR,CTCJR_Viewer,13,527,954.1975,2.2294334112149534
CTCJR,CTCJR_Viewer,15,352,802.6492,2.8976505415162452
CTCJR,CTCJR_Viewer,14,460,730.5473,2.012526997245179
CTCJR,CTCJR_Writer,15,61,638.947,10.649116666666666
CTCJR,CTCJR_Viewer,18,344,524.7655,2.133193089430894
HVMHC,HVMHC_Writer,17,491,4371.9671,10.167365348837208
HVMHC,HVMHC_Writer,14,928,3858.5617,6.294554159869494
HVMHC,HVMHC_Writer,19,613,2766.0863,5.4025123046875
HVMHC,HVMHC_Viewer,17,440,2002.7813,5.641637464788733
HVMHC,HVMHC_Writer,16,479,1708.9976,4.581763002680965
MACRJ,MACRJ_Writer,16,155,678.8128,6.5904155339805826
MACRJ,MACRJ_Writer,10,183,561.8793,5.202586111111111
MACRJ,MACRJ_Writer,14,216,528.4126,3.3872602564102565
MACRJ,MACRJ_Writer,18,219,521.667,2.4841285714285717
MACRJ,MACRJ_Writer,13,184,389.8901,3.169838211382114
CGCMF,CGCMF_Viewer,16,148,387.5455,3.2566848739495797
CGCMF,CGCMF_Viewer,14,68,230.6622,4.271522222222223
CGCMF,CGCMF_Viewer,17,81,189.9916,2.675938028169014
CGCMF,CGCMF_Viewer,15,35,102.8945,3.810907407407407
CGCMF,CGCMF_Viewer,18,32,94.9565,3.2743620689655173
CRSRD,CRSRD_Viewer,13,97,344.3603,4.653517567567567
CRSRD,CRSRD_Viewer,17,54,180.6018,3.6857510204081634
CRSRD,CRSRD_Viewer,16,4,22.5286,5.63215
AKVOLAM,AKVOLAM_Viewer,21,162,389.7358,2.908476119402985
AKVOLAM,AKVOLAM_Viewer,17,122,366.5371,3.457897169811321
AKVOLAM,AKVOLAM_Viewer,18,151,354.0385,2.4586006944444443
AKVOLAM,AKVOLAM_Viewer,19,144,335.8279,2.708289516129032
AKVOLAM,AKVOLAM_Viewer,16,87,292.1668,5.312123636363637
CTCTREN,CTCTREN_Viewer,14,84,239.0157,3.1041000000000003
CTCTREN,CTCTREN_Viewer,12,89,235.369,2.90579012345679
CTCTREN,CTCTREN_Viewer,13,57,163.9553,3.643451111111111
CTCTREN,CTCTREN_Viewer,11,45,101.4095,2.740797297297297
CTCTREN,CTCTREN_Viewer,15,35,96.7605,4.2069782608695645
FMRSH,FMRSH_Viewer,13,243,1014.0646,5.121538383838384
FMRSH,FMRSH_Viewer,20,124,408.1349,3.2914104838709677
FMRSH,FMRSH_Writer,17,72,312.2023,4.336143055555556
FMRSH,FMRSH_Viewer,12,48,301.4686,10.048953333333333
FMRSH,FMRSH_Viewer,14,50,224.806,5.483073170731708
INVOAOH,INVOAOH_Viewer,20,265,1350.2218,6.339069483568076
INVOAOH,INVOAOH_Viewer,19,166,1277.8965,9.829973076923077
INVOAOH,INVOAOH_Viewer,16,118,712.448,7.053940594059406
INVOAOH,INVOAOH_Viewer,18,149,708.7657,6.057826495726496
INVOAOH,INVOAOH_Viewer,17,107,554.8277,5.4394872549019615
PAWOODS,PAWOODS_Writer,21,1,2.7095,2.7095
WACHLDC,WACHLDC_Viewer,21,21,76.4611,3.641004761904762
ILHRCTR,ILHRCTR_Viewer,21,1,2.5793,2.5793
OHACC,OHACC_Viewer,17,218,476.7922,2.4832927083333334
OHACC,OHACC_Viewer,12,169,476.6215,3.1151732026143795
OHACC,OHACC_Viewer,13,149,389.0954,2.799247482014388
OHACC,OHACC_Viewer,15,134,322.909,2.583272
OHACC,OHACC_Viewer,16,136,310.5148,2.676851724137931
ORNHSOH,ORNHSOH_Writer,18,211,1743.4814,9.794839325842696
ORNHSOH,ORNHSOH_Writer,13,261,1345.8529,6.378449763033176
ORNHSOH,ORNHSOH_Viewer,12,73,1001.5792,13.72026301369863
ORNHSOH,ORNHSOH_Writer,19,361,976.9253,5.849852095808383
ORNHSOH,ORNHSOH_Writer,22,75,625.9171,10.981001754385964
ILPILRS,ILPILRS_Viewer,19,75,279.2145,3.988778571428571
ILPILRS,ILPILRS_Viewer,17,45,128.0394,2.9099863636363636
ILPILRS,ILPILRS_Viewer,15,12,86.0341,7.169508333333333
ILPILRS,ILPILRS_Viewer,18,14,50.9112,3.9162461538461537
ILPILRS,ILPILRS_Viewer,14,8,28.3239,3.5404875
MEOCMHS,MEOCMHS_Viewer,12,233,1107.3577,5.174568691588785
MEOCMHS,MEOCMHS_Viewer,20,404,918.3295,2.348668797953964
MEOCMHS,MEOCMHS_Viewer,11,315,885.2464,3.0631363321799308
MEOCMHS,MEOCMHS_Viewer,21,93,771.4014,9.183349999999999
MEOCMHS,MEOCMHS_Viewer,18,341,651.1654,2.230018493150685
MIALLIANCE,MIALLIANCE_Writer,17,25,471.8629,18.874516
MIALLIANCE,MIALLIANCE_Viewer,19,8,203.9996,25.49995
MIALLIANCE,MIALLIANCE_Writer,18,4,35.1837,8.795925
MIALLIANCE,MIALLIANCE_Viewer,17,1,11.5688,11.5688
MIALLIANCE,MIALLIANCE_Writer,12,3,10.2535,3.4178333333333337
AKCHLDF,AKCHLDF_Viewer,20,101,277.0408,2.742978217821782
AKCHLDF,AKCHLDF_Viewer,21,78,163.5092,2.404547058823529
AKCHLDF,AKCHLDF_Viewer,22,40,130.0638,4.335459999999999
AKCHLDF,AKCHLDF_Viewer,18,50,120.4993,2.409986
AKCHLDF,AKCHLDF_Viewer,19,39,80.762,2.3753529411764704
AKDENALI,AKDENALI_Viewer,21,176,287.5294,2.1618751879699247
AKDENALI,AKDENALI_Viewer,0,207,256.8989,1.5111700000000001
AKDENALI,AKDENALI_Viewer,20,106,226.1451,2.3313927835051547
AKDENALI,AKDENALI_Writer,23,95,224.7449,3.5673793650793653
AKDENALI,AKDENALI_Viewer,19,80,206.8723,2.8338671232876713
COJFSVC,COJFSVC_Writer,17,520,841.8174,1.7611242677824268
COJFSVC,COJFSVC_Viewer,17,95,732.8584,8.327936363636363
COJFSVC,COJFSVC_Writer,20,346,711.0405,2.8215892857142855
COJFSVC,COJFSVC_Writer,19,229,416.7848,2.4091606936416188
COJFSVC,COJFSVC_Writer,21,82,359.5163,4.858328378378379
MAYOUIN,MAYOUIN_Viewer,14,303,1368.8863,5.069949259259259
MAYOUIN,MAYOUIN_Viewer,19,497,1263.6348,4.974940157480315
MAYOUIN,MAYOUIN_Viewer,15,168,1258.9202,9.61007786259542
MAYOUIN,MAYOUIN_Viewer,18,295,1000.649,4.31314224137931
MAYOUIN,MAYOUIN_Viewer,13,349,975.2232,4.258616593886463
MASTANN,MASTANN_Writer,15,97,152.7307,1.7968317647058825
MASTANN,MASTANN_Viewer,17,59,124.3166,3.187605128205128
MASTANN,MASTANN_Writer,13,99,116.6581,1.3724482352941176
MASTANN,MASTANN_Writer,17,52,112.8427,2.8210675
MASTANN,MASTANN_Writer,14,86,96.2824,1.5784
OHFOBHS,OHFOBHS_Writer,18,217,1052.4145,5.452924870466322
OHFOBHS,OHFOBHS_Writer,12,127,565.5823,4.961248245614035
OHFOBHS,OHFOBHS_Writer,13,196,397.6074,2.1609097826086954
OHFOBHS,OHFOBHS_Writer,16,105,361.7603,3.889895698924731
OHFOBHS,OHFOBHS_Writer,17,222,325.0213,2.288882394366197
PFORP,PFORP_Viewer,19,115,562.1282,4.888071304347826
PFORP,PFORP_Viewer,15,118,520.6712,4.7768
PFORP,PFORP_Writer,18,121,442.1571,3.9833972972972975
PFORP,PFORP_Viewer,17,76,310.5033,4.085569736842106
PFORP,PFORP_Writer,16,50,243.3364,4.866728
IAFOUNDATION,IAFOUNDATION_Writer,17,118,203.597,2.262188888888889
IAFOUNDATION,IAFOUNDATION_Writer,16,74,177.8068,2.5769101449275365
IAFOUNDATION,IAFOUNDATION_Writer,19,68,176.9985,2.8095000000000003
IAFOUNDATION,IAFOUNDATION_Writer,20,57,158.6281,3.3750659574468083
IAFOUNDATION,IAFOUNDATION_Writer,18,62,126.4524,2.0729901639344264
ORBRCHG,ORBRCHG_Viewer,16,650,3610.2567,6.528493128390597
ORBRCHG,ORBRCHG_Viewer,18,983,2354.5268,3.1393690666666667
ORBRCHG,ORBRCHG_Viewer,17,695,1857.9557,3.236856620209059
ORBRCHG,ORBRCHG_Viewer,21,474,1596.2759,3.922053808353809
ORBRCHG,ORBRCHG_Viewer,22,301,1563.1541,5.543099645390071
ZMBRO,ZMBRO_Viewer,21,24,299.8008,12.4917
ZMBRO,ZMBRO_Viewer,13,7,191.3439,27.334842857142856
ZMBRO,ZMBRO_Viewer,18,7,190.434,27.204857142857144
ZMBRO,ZMBRO_Viewer,20,12,49.9927,4.166058333333333
ZMBRO,ZMBRO_Viewer,16,9,38.8615,4.8576875
FSVCA,FSVCA_Viewer,13,178,1415.4751,16.08494431818182
FSVCA,FSVCA_Viewer,12,56,633.7658,20.44405806451613
FSVCA,FSVCA_Viewer,19,59,257.9246,4.605796428571429
FSVCA,FSVCA_Viewer,18,10,150.7099,15.07099
FSVCA,FSVCA_Viewer,14,24,25.3502,1.8107285714285715
MNHWEHS,MNHWEHS_Viewer,16,1173,5634.9132,6.999892173913043
MNHWEHS,MNHWEHS_Viewer,14,1720,4773.8505,3.5759179775280896
MNHWEHS,MNHWEHS_Writer,12,1623,4510.9229,8.8103962890625
MNHWEHS,MNHWEHS_Viewer,15,1388,4469.8241,4.528697163120567
MNHWEHS,MNHWEHS_Viewer,13,1494,4295.1235,3.570343724023275
SHLTR,SHLTR_Viewer,13,220,353.0367,1.7651835
SHLTR,SHLTR_Viewer,21,162,351.3817,2.252446794871795
SHLTR,SHLTR_Viewer,22,129,161.77,1.5406666666666669
SHLTR,SHLTR_Viewer,16,79,115.9712,1.4679898734177215
SHLTR,SHLTR_Viewer,17,103,110.3428,2.25189387755102
AKJUYSI,AKJUYSI_Viewer,22,1,2.2993,2.2993
DEMO13,DEMO13_Writer,15,207,541.271,3.2218511904761904
DEMO13,DEMO13_Writer,16,63,387.9581,6.3599688524590166
DEMO13,DEMO13_Writer,22,156,317.5083,2.7371405172413796
DEMO13,DEMO13_Writer,17,91,284.8352,3.56044
DEMO13,DEMO13_Viewer,16,25,284.5707,11.382828
WACRMHS,WACRMHS_Viewer,18,1628,5046.6696,3.785948687171793
WACRMHS,WACRMHS_Viewer,15,1087,4104.5931,5.005601341463414
WACRMHS,WACRMHS_Viewer,23,434,3610.704,9.97432044198895
WACRMHS,WACRMHS_Viewer,17,596,2311.1188,4.3606015094339625
WACRMHS,WACRMHS_Viewer,16,504,2069.5098,5.912885142857142
AKCS,AKCS_Viewer,22,7,22.0533,3.1504714285714286
AKCS,AKCS_Viewer,17,6,18.3447,3.05745
AKCS,AKCS_Viewer,18,2,2.1789,1.08945
VILAG,VILAG_Viewer,19,127,576.1195,4.68389837398374
VILAG,VILAG_Viewer,17,108,462.1414,4.279087037037037
VILAG,VILAG_Viewer,15,75,350.0534,4.667378666666667
VILAG,VILAG_Viewer,14,83,295.5487,4.546903076923077
VILAG,VILAG_Viewer,12,46,224.6808,4.884365217391305
TRLDL,TRLDL_Writer,15,1348,990.9408,2.8231931623931623
TRLDL,TRLDL_Writer,13,461,858.7853,3.8510551569506726
TRLDL,TRLDL_Writer,12,364,520.256,5.7170989010989
TRLDL,TRLDL_Writer,21,392,461.8045,3.1203006756756757
TRLDL,TRLDL_Writer,16,370,443.2183,3.5176055555555554
ILECKER,ILECKER_Viewer,16,151,671.4161,4.53659527027027
ILECKER,ILECKER_Viewer,13,161,447.6249,3.087068275862069
ILECKER,ILECKER_Viewer,14,144,428.5082,3.246274242424242
ILECKER,ILECKER_Viewer,18,54,302.6035,6.304239583333334
ILECKER,ILECKER_Viewer,20,132,287.0587,2.496162608695652
OHSIXCO,OHSIXCO_Viewer,12,186,718.5308,3.8630688172043013
OHSIXCO,OHSIXCO_Viewer,13,225,676.7518,3.1043660550458716
OHSIXCO,OHSIXCO_Viewer,11,124,435.1313,3.5091233870967744
OHSIXCO,OHSIXCO_Viewer,15,85,348.2853,4.097474117647059
OHSIXCO,OHSIXCO_Viewer,20,102,299.9495,3.157363157894737
CTBDGHC,CTBDGHC_Writer,16,286,779.5144,3.1687577235772357
CTBDGHC,CTBDGHC_Viewer,16,128,468.1922,3.7158111111111114
CTBDGHC,CTBDGHC_Viewer,20,97,341.5342,4.615327027027027
CTBDGHC,CTBDGHC_Viewer,13,66,307.0013,4.651534848484848
CTBDGHC,CTBDGHC_Viewer,19,134,304.5938,3.0767050505050504
NJCBH,NJCBH_Writer,18,783,1923.318,3.1375497553017944
NJCBH,NJCBH_Writer,16,887,1792.0317,3.0219758853288363
NJCBH,NJCBH_Writer,15,872,1784.1402,2.516417771509168
NJCBH,NJCBH_Writer,14,556,1480.1541,3.4183697459584295
NJCBH,NJCBH_Writer,17,704,1313.8309,2.5073108778625954
MLSTN,MLSTN_Writer,16,3857,9929.6257,6.0880599019006745
MLSTN,MLSTN_Writer,13,4916,8842.9694,5.241831298162419
MLSTN,MLSTN_Writer,19,2582,8669.3504,6.794161755485893
MLSTN,MLSTN_Writer,18,3430,8101.7592,4.2596
MLSTN,MLSTN_Writer,17,3919,7580.7779,4.628069536019536
MTWAIN,MTWAIN_Writer,15,4,20.0348,5.0087
MTWAIN,MTWAIN_Viewer,17,6,18.3607,3.060116666666667
ORKRSNW,ORKRSNW_Viewer,17,11,70.9107,6.446427272727274
GAAHOPE,GAAHOPE_Viewer,14,1,1.7112,1.7112
OHSHCCC,OHSHCCC_Viewer,21,152,549.0358,4.007560583941606
OHSHCCC,OHSHCCC_Viewer,16,95,287.3243,3.9906152777777777
OHSHCCC,OHSHCCC_Viewer,20,19,149.8896,7.888926315789473
OHSHCCC,OHSHCCC_Viewer,19,10,52.1377,5.21377
OHSHCCC,OHSHCCC_Viewer,15,7,49.5908,7.0844000000000005
PAICFSI,PAICFSI_Viewer,19,31,117.733,3.7978387096774195
PAICFSI,PAICFSI_Viewer,18,17,69.7759,4.104464705882353
PAICFSI,PAICFSI_Viewer,14,16,47.3398,4.303618181818181
PAICFSI,PAICFSI_Viewer,16,14,26.6779,1.9055642857142858
PAICFSI,PAICFSI_Viewer,20,1,10.1609,10.1609
MARIVCC,MARIVCC_Writer,13,1621,4910.7094,5.8183760663507105
MARIVCC,MARIVCC_Viewer,17,175,1135.978,6.64314619883041
MARIVCC,MARIVCC_Writer,18,109,564.9928,6.208712087912088
MARIVCC,MARIVCC_Viewer,16,143,377.889,4.343551724137932
MARIVCC,MARIVCC_Writer,12,24,321.7427,13.988813043478261
NYSTDOM,NYSTDOM_Writer,16,700,2781.1696,6.884083168316832
NYSTDOM,NYSTDOM_Writer,18,590,2738.4265,7.24451455026455
NYSTDOM,NYSTDOM_Writer,15,704,2607.3305,5.952809360730594
NYSTDOM,NYSTDOM_Writer,14,692,2021.2768,4.894132687651332
NYSTDOM,NYSTDOM_Writer,19,463,1990.7865,5.592096910112359
OHBHCCH,OHBHCCH_Viewer,18,71,213.3793,3.386973015873016
OHBHCCH,OHBHCCH_Viewer,16,37,174.5882,4.988234285714285
OHBHCCH,OHBHCCH_Viewer,20,46,87.4688,2.082590476190476
OHBHCCH,OHBHCCH_Viewer,0,21,71.6158,3.41027619047619
OHBHCCH,OHBHCCH_Viewer,13,11,44.6295,4.057227272727273
NJCFGHN,NJCFGHN_Viewer,17,257,2184.7742,10.978764824120603
NJCFGHN,NJCFGHN_Viewer,14,158,1493.2681,11.758016535433072
NJCFGHN,NJCFGHN_Viewer,15,210,1115.2985,6.5605794117647065
NJCFGHN,NJCFGHN_Viewer,2,137,527.6227,5.024978095238096
NJCFGHN,NJCFGHN_Viewer,21,14,508.6123,36.32945
TLLMK,TLLMK_Viewer,0,6,23.3869,3.897816666666667
TLLMK,TLLMK_Viewer,18,6,18.4933,3.082216666666667
AKASSETS,AKASSETS_Writer,13,1350,7326.3663,6.977491714285714
AKASSETS,AKASSETS_Writer,16,491,1849.0436,5.2829817142857145
AKASSETS,AKASSETS_Writer,14,220,1520.2858,6.9103900000000005
AKASSETS,AKASSETS_Writer,20,189,505.05,2.775
AKASSETS,AKASSETS_Writer,18,190,427.6838,2.5920230303030305
MIHLYCS,MIHLYCS_Writer,12,10487,17857.9184,3.6018391286809193
MIHLYCS,MIHLYCS_Writer,15,5398,1952.5012,3.12400192
MIHLYCS,MIHLYCS_Writer,18,7050,1888.1154,3.266635640138408
MIHLYCS,MIHLYCS_Writer,17,3853,1600.7386,2.980891247672253
MIHLYCS,MIHLYCS_Writer,13,2340,1449.4716,2.490501030927835
NYBPCRI,NYBPCRI_Viewer,17,226,760.4021,4.296057062146893
NYBPCRI,NYBPCRI_Writer,15,202,592.2003,5.061541025641025
NYBPCRI,NYBPCRI_Writer,14,167,588.2659,5.549678301886792
NYBPCRI,NYBPCRI_Viewer,13,154,544.9807,4.5796697478991595
NYBPCRI,NYBPCRI_Writer,21,135,408.074,3.7437981651376147
CAEXODUS,CAEXODUS_Viewer,20,830,1574.5171,2.5854139573070607
CAEXODUS,CAEXODUS_Viewer,21,667,1337.1475,2.832939618644068
CAEXODUS,CAEXODUS_Viewer,22,633,1317.5733,2.7278950310559007
CAEXODUS,CAEXODUS_Viewer,17,606,1209.147,2.7480613636363636
CAEXODUS,CAEXODUS_Viewer,15,426,1027.6892,2.704445263157895
COMHBHI,COMHBHI_Viewer,14,312,1147.563,4.297988764044944
COMHBHI,COMHBHI_Viewer,16,336,1096.7081,3.821282578397213
COMHBHI,COMHBHI_Viewer,19,232,677.9769,3.3730194029850744
COMHBHI,COMHBHI_Viewer,17,256,664.186,3.162790476190476
COMHBHI,COMHBHI_Viewer,20,216,651.768,3.6209333333333333
OHTALBT,OHTALBT_Writer,12,229,4192.4528,19.59090093457944
OHTALBT,OHTALBT_Writer,13,314,3757.2764,13.22984647887324
OHTALBT,OHTALBT_Writer,14,153,3061.6365,20.82745918367347
OHTALBT,OHTALBT_Viewer,17,584,2541.3919,5.316719456066946
OHTALBT,OHTALBT_Viewer,15,745,2260.901,3.730859735973597
LAURL,LAURL_Viewer,15,6,20.0062,3.3343666666666665
OHGCBHS,OHGCBHS_Writer,17,72,770.6551,10.703543055555555
OHGCBHS,OHGCBHS_Viewer,21,91,629.5388,6.918008791208791
OHGCBHS,OHGCBHS_Viewer,17,274,568.0704,2.629955555555555
OHGCBHS,OHGCBHS_Viewer,14,124,377.3952,3.3104842105263157
OHGCBHS,OHGCBHS_Viewer,19,180,352.2566,2.229472151898734
OHMATHP,OHMATHP_Viewer,15,27,304.1599,13.224343478260868
OHMATHP,OHMATHP_Viewer,14,14,111.0837,7.93455
OHMATHP,OHMATHP_Viewer,17,4,51.3474,12.83685
OHMATHP,OHMATHP_Viewer,16,4,43.6093,10.902325
OHMATHP,OHMATHP_Viewer,18,4,41.4344,10.3586
AKSPBHS,AKSPBHS_Viewer,16,6,19.146,3.1910000000000003
ALCAHBA,ALCAHBA_Viewer,16,6,25.2475,4.207916666666667
LHSET,LHSET_Viewer,16,6,23.3678,3.894633333333333
MAVOLAM,MAVOLAM_Viewer,13,77,329.7207,4.921204477611941
MAVOLAM,MAVOLAM_Viewer,12,42,302.0196,7.190942857142858
MAVOLAM,MAVOLAM_Viewer,19,26,78.1513,3.005819230769231
MAVOLAM,MAVOLAM_Viewer,16,64,59.1801,3.114742105263158
MAVOLAM,MAVOLAM_Viewer,17,24,54.5033,2.2709708333333336
ORCOLCR,ORCOLCR_Viewer,21,708,2499.7439,4.302485197934596
ORCOLCR,ORCOLCR_Viewer,23,554,1530.0163,3.1875339583333333
ORCOLCR,ORCOLCR_Viewer,20,297,1099.0796,4.011239416058395
ORCOLCR,ORCOLCR_Viewer,18,346,1039.204,3.441072847682119
ORCOLCR,ORCOLCR_Viewer,22,352,942.2612,3.0893809836065573
PACVCAI,PACVCAI_Writer,19,18,44.6231,2.78894375
PACVCAI,PACVCAI_Writer,18,6,13.7002,2.2833666666666668
PACVCAI,PACVCAI_Viewer,14,5,10.8374,2.1674800000000003
PACVCAI,PACVCAI_Writer,23,6,10.2229,2.555725
GACARING,GACARING_Viewer,14,143,462.1411,3.231755944055944
GACARING,GACARING_Viewer,15,228,445.0228,2.6648071856287427
GACARING,GACARING_Viewer,16,163,238.734,2.1507567567567567
GACARING,GACARING_Viewer,19,84,188.9551,2.519401333333333
GACARING,GACARING_Writer,16,73,176.6217,3.463170588235294
CTCHFST,CTCHFST_Viewer,19,45,120.2523,3.757884375
CTCHFST,CTCHFST_Viewer,18,17,51.4465,3.026264705882353
CTCHFST,CTCHFST_Viewer,15,22,48.1649,2.1893136363636363
CTCHFST,CTCHFST_Viewer,13,37,44.0304,2.001381818181818
CTCHFST,CTCHFST_Viewer,14,29,37.5829,1.9780473684210527
MNCHOSC,MNCHOSC_Viewer,21,7,24.8327,3.5475285714285714
MNCHOSC,MNCHOSC_Viewer,15,1,3.1738,3.1738
MNCHOSC,MNCHOSC_Viewer,16,2,2.3222,1.1611
ORWBC,ORWBC_Viewer,23,3,10.361,3.453666666666667
SWANS,SWANS_Viewer,15,225,1958.2884,9.791442
SWANS,SWANS_Viewer,20,206,1106.775,7.962410071942447
SWANS,SWANS_Viewer,17,65,855.5356,15.27742142857143
SWANS,SWANS_Viewer,18,235,730.0572,3.443666037735849
SWANS,SWANS_Viewer,16,93,576.9447,7.035910975609756
AKJAM,AKJAM_Viewer,17,119,284.383,4.062614285714285
AKJAM,AKJAM_Viewer,18,31,80.8138,4.489655555555555
AKJAM,AKJAM_Viewer,20,23,58.7238,3.91492
AKJAM,AKJAM_Viewer,19,6,34.7275,5.787916666666667
AKJAM,AKJAM_Viewer,16,6,24.3144,4.0524
ALECMHC,ALECMHC_Viewer,16,6,22.5609,3.76015
WAAMBHS,WAAMBHS_Viewer,18,110,645.3203,6.9389279569892475
WAAMBHS,WAAMBHS_Viewer,17,140,599.3027,6.178378350515463
WAAMBHS,WAAMBHS_Viewer,13,379,553.7261,1.508790463215259
WAAMBHS,WAAMBHS_Viewer,20,54,413.5662,7.658633333333333
WAAMBHS,WAAMBHS_Viewer,19,74,404.8648,5.867605797101449
INYTHOC,INYTHOC_Viewer,17,1,1.8493,1.8493
MAPINEI,MAPINEI_Viewer,17,1,2.2019,2.2019
MOARCOA,MOARCOA_Writer,11,2487,3895.2833,5.242642395693136
MOARCOA,MOARCOA_Writer,14,641,1802.358,3.4594203454894434
MOARCOA,MOARCOA_Writer,21,179,1233.316,8.333216216216217
MOARCOA,MOARCOA_Writer,13,229,685.5023,5.712519166666667
MOARCOA,MOARCOA_Writer,15,204,575.4024,3.028433684210526
EARTH,EARTH_Writer,13,13,75.535,5.810384615384615
EARTH,EARTH_Writer,21,6,20.2324,3.3720666666666665
NECHN,NECHN_Viewer,20,118,395.9899,3.7008401869158876
NECHN,NECHN_Viewer,17,71,285.1476,4.01616338028169
NECHN,NECHN_Viewer,15,51,275.285,5.397745098039216
NECHN,NECHN_Viewer,21,48,240.4522,5.009420833333333
NECHN,NECHN_Viewer,18,90,209.5954,3.175687878787879
PAJFKBH,PAJFKBH_Viewer,17,6,23.5845,3.9307499999999997
CATVFSI,CATVFSI_Writer,14,85,192.4732,2.5663093333333333
CATVFSI,CATVFSI_Writer,12,46,140.59,3.056304347826087
CATVFSI,CATVFSI_Writer,16,46,117.5738,3.9191266666666666
CATVFSI,CATVFSI_Writer,13,41,108.2299,2.6397536585365855
CATVFSI,CATVFSI_Writer,18,45,97.2529,2.7014694444444443
GACFI,GACFI_Writer,18,50,124.2722,2.4854439999999998
GACFI,GACFI_Viewer,19,78,123.5957,1.9311828125
GACFI,GACFI_Writer,12,34,104.0569,3.0604970588235294
GACFI,GACFI_Writer,15,37,93.1619,3.4504407407407407
GACFI,GACFI_Writer,19,34,70.8088,2.0826117647058826
OHMIDOH,OHMIDOH_Viewer,17,1,2.1504,2.1504
OHMODPW,OHMODPW_Writer,19,1377,3375.7496,4.453495514511873
OHMODPW,OHMODPW_Writer,16,1855,2548.4729,4.494661199294533
OHMODPW,OHMODPW_Writer,17,957,2419.7804,4.753988998035363
OHMODPW,OHMODPW_Writer,15,886,2191.7639,3.5696480456026056
OHMODPW,OHMODPW_Writer,20,1136,1691.243,4.6082915531335145
ALMHBCS,ALMHBCS_Writer,21,1693,1650.959,2.798235593220339
ALMHBCS,ALMHBCS_Writer,12,158,531.4254,3.363451898734177
ALMHBCS,ALMHBCS_Viewer,15,101,251.1461,3.3486146666666667
ALMHBCS,ALMHBCS_Viewer,20,141,230.3069,1.9684350427350428
ALMHBCS,ALMHBCS_Viewer,13,56,195.188,5.5767999999999995
CABOYR,CABOYR_Viewer,23,233,512.1965,2.404678403755869
CABOYR,CABOYR_Writer,20,123,349.113,4.107211764705882
CABOYR,CABOYR_Viewer,20,217,328.8148,2.3655741007194244
CABOYR,CABOYR_Viewer,17,142,277.8577,2.5032225225225226
CABOYR,CABOYR_Viewer,21,73,264.7447,3.6266397260273977
OHEASTC,OHEASTC_Viewer,19,47,495.5532,12.706492307692308
OHEASTC,OHEASTC_Viewer,18,11,75.5878,6.871618181818182
OHEASTC,OHEASTC_Viewer,13,30,67.1049,3.355245
OHEASTC,OHEASTC_Viewer,12,17,55.2385,4.603208333333334
OHEASTC,OHEASTC_Viewer,21,7,42.8341,6.1191571428571425
ORLKGLS,ORLKGLS_Viewer,17,1,2.021,2.021
PACFF,PACFF_Viewer,15,320,1084.5339,4.236460546875
PACFF,PACFF_Viewer,17,300,817.2707,3.0840403773584906
PACFF,PACFF_Viewer,18,255,789.4524,3.2622
PACFF,PACFF_Viewer,13,246,543.7116,2.7322190954773866
PACFF,PACFF_Viewer,14,187,539.9711,3.1212202312138726
WAFMLYS,WAFMLYS_Viewer,22,40,149.9416,4.165044444444444
WAFMLYS,WAFMLYS_Viewer,21,59,78.1701,1.6285437500000002
WAFMLYS,WAFMLYS_Viewer,20,29,61.4058,2.117441379310345
WAFMLYS,WAFMLYS_Viewer,1,7,28.7068,4.1009714285714285
WAFMLYS,WAFMLYS_Viewer,19,4,17.4831,4.370775
CTTCFGC,CTTCFGC_Writer,14,108,163.2228,1.897939534883721
CTTCFGC,CTTCFGC_Writer,23,87,158.4125,2.6402083333333333
CTTCFGC,CTTCFGC_Writer,22,58,121.4649,2.429298
CTTCFGC,CTTCFGC_Writer,19,16,100.5153,6.28220625
CTTCFGC,CTTCFGC_Writer,10,14,77.5441,5.538864285714285
HRZNH,HRZNH_Viewer,16,7,34.7888,4.969828571428572
SNTRO,SNTRO_Viewer,19,5,35.1849,7.03698
WACCDOY,WACCDOY_Viewer,17,126,412.6324,3.8206703703703706
WACCDOY,WACCDOY_Writer,17,54,158.1166,3.2940958333333334
WACCDOY,WACCDOY_Writer,20,57,141.0903,3.7129026315789475
WACCDOY,WACCDOY_Writer,21,36,95.552,2.730057142857143
WACCDOY,WACCDOY_Writer,16,48,94.6204,2.0569652173913044
ILBEWCB,ILBEWCB_Viewer,19,115,668.443,8.053530120481927
ILBEWCB,ILBEWCB_Viewer,15,66,297.1943,5.943886
ILBEWCB,ILBEWCB_Viewer,20,46,133.0407,2.95646
ILBEWCB,ILBEWCB_Viewer,17,19,80.6507,4.244773684210526
ILBEWCB,ILBEWCB_Viewer,18,18,80.1226,4.451255555555556
OHBUTLR,OHBUTLR_Viewer,16,11,42.0041,3.8185545454545458
OHBUTLR,OHBUTLR_Viewer,20,4,34.0917,8.522925
PALCARC,PALCARC_Writer,19,720,153.7763,1.618697894736842
PALCARC,PALCARC_Writer,18,695,144.4602,1.7404843373493974
PALCARC,PALCARC_Writer,17,40,94.8281,3.647234615384616
PALCARC,PALCARC_Writer,14,94,94.7263,2.1528704545454542
PALCARC,PALCARC_Writer,13,42,89.2708,3.0783034482758618
IACIOWA,IACIOWA_Writer,14,633,910.1833,1.707660975609756
IACIOWA,IACIOWA_Writer,13,374,530.4531,1.7506702970297028
IACIOWA,IACIOWA_Writer,18,407,283.8871,1.158722857142857
IACIOWA,IACIOWA_Writer,16,226,272.5101,1.7468596153846154
IACIOWA,IACIOWA_Writer,15,219,258.1265,1.676146103896104
RINEBAS,RINEBAS_Viewer,13,46,1829.5969,39.77384565217391
RINEBAS,RINEBAS_Viewer,17,28,117.8599,4.209282142857143
RINEBAS,RINEBAS_Viewer,18,7,40.3996,5.771371428571428
RINEBAS,RINEBAS_Viewer,16,2,24.9612,12.4806
RINEBAS,RINEBAS_Viewer,12,2,1.5287,0.76435
AKCOOK,AKCOOK_Writer,21,13718,17919.4238,7.162039888089528
AKCOOK,AKCOOK_Writer,17,20054,17544.191,6.3450962025316455
AKCOOK,AKCOOK_Writer,22,24833,15996.8324,6.494856841250507
AKCOOK,AKCOOK_Writer,19,14715,13931.5635,5.938432864450128
AKCOOK,AKCOOK_Writer,20,14134,12639.0554,6.138443613404565
GARCVPL,GARCVPL_Viewer,18,67,197.408,3.5892363636363633
GARCVPL,GARCVPL_Viewer,12,17,197.1151,13.141006666666668
GARCVPL,GARCVPL_Writer,22,56,190.1434,3.5211740740740742
GARCVPL,GARCVPL_Writer,21,28,172.347,6.1552500000000006
GARCVPL,GARCVPL_Writer,19,75,159.5865,2.455176923076923
KYMRYHT,KYMRYHT_Viewer,15,39,118.8207,3.0466846153846157
KYMRYHT,KYMRYHT_Viewer,19,58,104.9325,2.09865
KYMRYHT,KYMRYHT_Viewer,16,21,70.136,4.3835
KYMRYHT,KYMRYHT_Viewer,18,29,52.3703,1.8058724137931035
KYMRYHT,KYMRYHT_Viewer,14,14,50.865,3.6332142857142857
MOBCSVS,MOBCSVS_Writer,14,84,342.4077,4.389842307692307
MOBCSVS,MOBCSVS_Writer,16,112,312.81,3.4756666666666667
MOBCSVS,MOBCSVS_Writer,13,97,291.2441,3.508965060240964
MOBCSVS,MOBCSVS_Writer,19,117,278.1748,2.781748
MOBCSVS,MOBCSVS_Writer,20,80,202.4584,2.977329411764706
SCHRC,SCHRC_Viewer,21,10,40.5259,4.05259
WAOLYPC,WAOLYPC_Viewer,16,10,35.9007,3.59007
CAREY,CAREY_Viewer,15,108,811.5369,8.72620322580645
CAREY,CAREY_Viewer,16,215,763.2871,3.7974482587064675
CAREY,CAREY_Viewer,13,202,548.0228,4.8072175438596485
CAREY,CAREY_Viewer,21,31,271.9424,8.772335483870968
CAREY,CAREY_Viewer,22,70,268.406,5.710765957446808
FAMOUT,FAMOUT_Viewer,13,20,63.5183,4.234553333333333
FAMOUT,FAMOUT_Viewer,18,5,30.2211,6.04422
FAMOUT,FAMOUT_Viewer,8,5,19.2849,3.85698
FAMOUT,FAMOUT_Viewer,12,5,17.9351,3.58702
SCCTC,SCCTC_Viewer,14,746,2077.8274,3.3513345161290324
SCCTC,SCCTC_Viewer,16,460,1572.0742,4.428378028169014
SCCTC,SCCTC_Viewer,13,323,1295.8264,4.964852107279693
SCCTC,SCCTC_Viewer,12,275,1253.3147,5.80238287037037
SCCTC,SCCTC_Viewer,17,304,1160.38,4.896118143459916
TXHOUST,TXHOUST_Viewer,19,20,60.3379,5.485263636363636
TXHOUST,TXHOUST_Viewer,16,10,50.2768,5.02768
TXHOUST,TXHOUST_Viewer,3,20,38.1046,3.81046
TXHOUST,TXHOUST_Viewer,20,40,0.1388,0.0347
WILDR,WILDR_Viewer,19,155,409.8682,3.227308661417323
WILDR,WILDR_Viewer,13,35,269.9277,7.71222
WILDR,WILDR_Viewer,21,66,226.0951,3.425683333333333
WILDR,WILDR_Viewer,16,105,222.5843,2.7479543209876547
WILDR,WILDR_Viewer,14,76,201.1523,3.7250425925925925
AKAKELA,AKAKELA_Viewer,17,770,2511.4276,3.6344827785817655
AKAKELA,AKAKELA_Writer,16,279,1038.9888,4.4401230769230775
AKAKELA,AKAKELA_Writer,21,399,910.317,2.6386
AKAKELA,AKAKELA_Writer,20,270,806.8879,3.916931553398058
AKAKELA,AKAKELA_Viewer,19,350,768.5351,2.7253017730496456
GGMHC,GGMHC_Viewer,15,147,438.275,5.280421686746988
GGMHC,GGMHC_Viewer,21,105,146.3771,3.8520289473684213
GGMHC,GGMHC_Viewer,16,94,134.2631,3.1967404761904765
GGMHC,GGMHC_Viewer,2,52,79.6842,3.622009090909091
GGMHC,GGMHC_Viewer,20,12,46.7365,4.248772727272727
WATRITS,WATRITS_Viewer,21,202,631.329,3.468840659340659
WATRITS,WATRITS_Viewer,15,188,409.4195,2.82358275862069
WATRITS,WATRITS_Viewer,22,183,330.8602,2.346526241134752
WATRITS,WATRITS_Viewer,19,137,329.5757,2.701440163934426
WATRITS,WATRITS_Viewer,16,151,279.9444,4.0571652173913035
CTSCADD,CTSCADD_Writer,10,13277,34118.2415,10.678635837245695
CTSCADD,CTSCADD_Writer,18,1789,5403.6023,6.078292800899887
CTSCADD,CTSCADD_Writer,15,1555,3998.5063,4.864362895377129
CTSCADD,CTSCADD_Writer,17,1468,3628.2771,4.78664525065963
CTSCADD,CTSCADD_Writer,14,1718,3245.9964,4.392417320703654
ALMAMHA,ALMAMHA_Viewer,17,79,209.4867,6.757635483870968
ALMAMHA,ALMAMHA_Viewer,15,43,186.2359,5.173219444444444
ALMAMHA,ALMAMHA_Viewer,16,52,162.0695,3.4482872340425534
ALMAMHA,ALMAMHA_Viewer,19,43,155.2552,3.610586046511628
ALMAMHA,ALMAMHA_Viewer,18,38,50.4891,4.207425
KYLIFSK,KYLIFSK_Viewer,16,1437,7405.9977,6.401035177182368
KYLIFSK,KYLIFSK_Viewer,15,1840,7319.4263,5.639003312788906
KYLIFSK,KYLIFSK_Viewer,20,1517,5637.9268,5.374572735938989
KYLIFSK,KYLIFSK_Viewer,19,1319,4513.0452,4.847524382384532
KYLIFSK,KYLIFSK_Viewer,13,1014,4248.5952,5.112629602888086
OHCOMHA,OHCOMHA_Writer,21,187,118.0144,0.6310930481283422
OHCOMHA,OHCOMHA_Writer,14,43,85.0705,2.025488095238095
OHCOMHA,OHCOMHA_Writer,15,247,84.5162,0.3478032921810699
OHCOMHA,OHCOMHA_Writer,20,53,66.7839,1.4518239130434782
OHCOMHA,OHCOMHA_Writer,13,30,32.0919,1.1066172413793105
PALARCHE,PALARCHE_Writer,16,44,172.1576,4.00366511627907
PALARCHE,PALARCHE_Writer,12,29,153.9637,9.62273125
PALARCHE,PALARCHE_Writer,15,17,35.6798,2.3786533333333333
PALARCHE,PALARCHE_Writer,14,10,23.5507,2.35507
PALARCHE,PALARCHE_Writer,13,3,9.2076,3.0692
AKXPIOH,AKXPIOH_Viewer,18,762,2226.867,3.512408517350158
AKXPIOH,AKXPIOH_Viewer,22,318,1884.5231,6.409942517006803
AKXPIOH,AKXPIOH_Viewer,19,382,1220.6868,4.455061313868613
AKXPIOH,AKXPIOH_Viewer,20,435,1059.4098,4.306543902439024
AKXPIOH,AKXPIOH_Viewer,17,202,593.7724,3.3546463276836156
ALVOASE,ALVOASE_Viewer,15,58,136.2961,3.028802222222222
ALVOASE,ALVOASE_Viewer,14,16,57.9045,3.61903125
ALVOASE,ALVOASE_Writer,15,11,34.3031,3.118463636363636
ALVOASE,ALVOASE_Viewer,17,10,33.1211,3.3121099999999997
ALVOASE,ALVOASE_Viewer,18,5,19.8594,3.97188
WALIFLN,WALIFLN_Viewer,18,122,593.2585,4.8627745901639345
WALIFLN,WALIFLN_Viewer,20,116,556.1218,4.794153448275862
WALIFLN,WALIFLN_Viewer,21,65,287.8724,4.719219672131148
WALIFLN,WALIFLN_Viewer,15,82,283.9527,4.056467142857143
WALIFLN,WALIFLN_Viewer,23,58,279.5034,4.819024137931034
CHRYSALIS,CHRYSALIS_Viewer,13,128,151.6177,1.89522125
CHRYSALIS,CHRYSALIS_Writer,19,51,130.3661,2.660532653061224
CHRYSALIS,CHRYSALIS_Writer,16,80,102.4441,1.296760759493671
CHRYSALIS,CHRYSALIS_Writer,13,32,90.2877,3.9255521739130437
CHRYSALIS,CHRYSALIS_Viewer,18,34,81.5603,2.8124241379310346
CMBRLD,CMBRLD_Writer,13,3551,9329.2976,8.927557511961723
CMBRLD,CMBRLD_Writer,16,406,786.2205,3.8730073891625616
CMBRLD,CMBRLD_Writer,14,221,719.6525,3.4765821256038647
CMBRLD,CMBRLD_Writer,18,328,582.1199,2.881781683168317
CMBRLD,CMBRLD_Writer,19,388,480.9464,2.5049291666666664
AKTANANA,AKTANANA_Writer,17,909,6384.3746,11.142015008726004
AKTANANA,AKTANANA_Writer,12,435,5471.9681,27.223721890547264
AKTANANA,AKTANANA_Writer,14,739,4120.3295,8.674377894736843
AKTANANA,AKTANANA_Writer,18,753,3152.3643,6.004503428571429
AKTANANA,AKTANANA_Writer,13,341,2282.7688,9.058606349206348
LAAAHSD,LAAAHSD_Writer,23,505,1925.5235,3.8129178217821784
LAAAHSD,LAAAHSD_Viewer,20,715,1602.3387,3.023280566037736
LAAAHSD,LAAAHSD_Viewer,16,281,1520.7705,5.5705879120879125
LAAAHSD,LAAAHSD_Viewer,19,562,1343.8852,2.8776985010706637
LAAAHSD,LAAAHSD_Viewer,13,578,1294.1124,3.7729224489795916
MAGADRA,MAGADRA_Viewer,15,48,534.1238,11.127579166666665
MAGADRA,MAGADRA_Viewer,18,25,293.3307,11.733227999999999
MAGADRA,MAGADRA_Viewer,16,11,128.4487,11.677154545454545
MAGADRA,MAGADRA_Viewer,13,5,28.9574,5.79148
OHCCHOO,OHCCHOO_Viewer,13,18,89.5364,4.9742444444444445
OHCCHOO,OHCCHOO_Viewer,0,4,27.0462,6.76155
AKKANA,AKKANA_Writer,21,194,231.1129,2.6873593023255813
AKKANA,AKKANA_Writer,20,76,113.5956,2.9893578947368424
AKKANA,AKKANA_Writer,14,19,51.0469,2.686678947368421
AKKANA,AKKANA_Viewer,18,2,1.2921,0.64605
AKKANA,AKKANA_Viewer,19,1,0.7452,0.7452
ALNAMHC,ALNAMHC_Writer,13,351,3592.5305,15.287363829787234
ALNAMHC,ALNAMHC_Writer,11,739,3221.1831,6.853581063829788
ALNAMHC,ALNAMHC_Viewer,20,717,2625.7682,4.29047091503268
ALNAMHC,ALNAMHC_Viewer,21,620,2365.7692,5.268973719376392
ALNAMHC,ALNAMHC_Viewer,13,935,2260.4153,3.3192588839941264
ILSRTCN,ILSRTCN_Viewer,18,40,89.8317,2.99439
ILSRTCN,ILSRTCN_Viewer,13,34,74.4415,2.2558030303030305
ILSRTCN,ILSRTCN_Viewer,15,31,56.5632,2.1755076923076926
ILSRTCN,ILSRTCN_Viewer,23,16,26.4217,1.65135625
ILSRTCN,ILSRTCN_Viewer,22,4,18.6254,4.65635
MASMDOC,MASMDOC_Viewer,18,188,728.3599,4.091909550561798
MASMDOC,MASMDOC_Viewer,19,255,727.9779,4.257180701754386
MASMDOC,MASMDOC_Viewer,15,48,140.0158,4.37549375
MASMDOC,MASMDOC_Viewer,8,7,128.5472,18.363885714285715
MASMDOC,MASMDOC_Viewer,16,19,57.4314,3.0227052631578943
OHCCC,OHCCC_Viewer,19,348,836.4276,3.144464661654135
OHCCC,OHCCC_Viewer,20,176,597.4294,3.930456578947368
OHCCC,OHCCC_Viewer,23,161,580.7742,3.607293167701863
OHCCC,OHCCC_Viewer,14,166,453.1614,3.5403234375
OHCCC,OHCCC_Viewer,13,121,426.3087,3.523212396694215
CAGHMHC,CAGHMHC_Writer,4,4,47.2825,11.820625
CAGHMHC,CAGHMHC_Writer,22,20,38.4677,1.9233850000000001
CAGHMHC,CAGHMHC_Writer,17,3,22.4145,7.4715
CAGHMHC,CAGHMHC_Writer,20,1,5.7993,5.7993
CBIC,CBIC_Writer,15,2165,2982.7179,2.837980875356803
CBIC,CBIC_Writer,18,4065,2742.9369,1.9289289029535865
CBIC,CBIC_Writer,16,3262,2664.5059,2.372667764915405
CBIC,CBIC_Writer,14,2022,2019.7601,2.736802303523035
CBIC,CBIC_Writer,19,5026,1710.4672,1.8392120430107528
FCAWEB,FCAWEB_Viewer,17,528,1897.9579,3.714203326810176
FCAWEB,FCAWEB_Viewer,18,150,567.4536,3.783024
FCAWEB,FCAWEB_Viewer,20,76,468.1258,6.15955
FCAWEB,FCAWEB_Viewer,16,25,181.4089,7.256355999999999
FCAWEB,FCAWEB_Viewer,15,31,143.2476,4.620890322580645
OHMCKHL,OHMCKHL_Writer,12,555,3220.5338,5.802763603603604
OHMCKHL,OHMCKHL_Viewer,19,255,593.3745,3.410198275862069
OHMCKHL,OHMCKHL_Viewer,12,62,301.3089,4.8598209677419355
OHMCKHL,OHMCKHL_Viewer,20,35,103.8259,2.9664542857142857
OHMCKHL,OHMCKHL_Writer,19,53,91.5195,1.7267830188679245
OHCRSCN,OHCRSCN_Writer,10,110,375.5,3.4136363636363636
OHCRSCN,OHCRSCN_Writer,13,111,270.037,2.4327657657657658
OHCRSCN,OHCRSCN_Writer,15,92,78.6929,3.9346449999999997
OHCRSCN,OHCRSCN_Writer,14,78,75.2348,2.0333729729729733
OHCRSCN,OHCRSCN_Writer,16,31,47.7935,3.676423076923077
OHRAVEN,OHRAVEN_Writer,16,103,721.2539,7.925867032967034
OHRAVEN,OHRAVEN_Writer,10,98,661.6821,6.751858163265306
OHRAVEN,OHRAVEN_Writer,17,118,511.8362,5.118362
OHRAVEN,OHRAVEN_Writer,12,119,474.9397,4.523235238095238
OHRAVEN,OHRAVEN_Writer,13,127,458.4194,4.677748979591836
OHSCITO,OHSCITO_Viewer,20,113,403.1304,3.839337142857143
OHSCITO,OHSCITO_Viewer,18,39,129.4078,4.174445161290323
HAMDN,HAMDN_Viewer,16,266,1356.6158,6.3690882629107985
HAMDN,HAMDN_Viewer,18,432,1126.7509,3.112571546961326
HAMDN,HAMDN_Viewer,15,163,990.6133,6.077382208588957
HAMDN,HAMDN_Viewer,17,109,822.9074,9.042938461538462
HAMDN,HAMDN_Viewer,14,282,647.5731,2.865367699115044
OHMUSBH,OHMUSBH_Viewer,18,176,312.6741,3.0356708737864078
OHMUSBH,OHMUSBH_Viewer,13,28,89.8896,3.2103428571428574
OHMUSBH,OHMUSBH_Viewer,12,13,78.2748,8.6972
OHMUSBH,OHMUSBH_Viewer,15,66,64.725,1.9613636363636362
OHMUSBH,OHMUSBH_Viewer,16,8,51.9512,6.4939
MHSDL,MHSDL_Viewer,18,325,713.6277,3.2886069124423964
MHSDL,MHSDL_Viewer,14,216,469.9216,3.480900740740741
MHSDL,MHSDL_Viewer,20,156,461.6608,3.8153785123966943
MHSDL,MHSDL_Viewer,19,174,459.4686,3.617862992125984
MHSDL,MHSDL_Viewer,13,95,351.0215,3.694963157894737
EMRGC,EMRGC_Writer,18,74,405.0459,6.4293000000000005
EMRGC,EMRGC_Viewer,16,158,339.9062,4.357771794871795
EMRGC,EMRGC_Writer,21,80,271.6438,3.670862162162162
EMRGC,EMRGC_Viewer,14,141,256.1555,2.0492440000000003
EMRGC,EMRGC_Writer,20,73,196.5794,4.273465217391304
NYLISCI,NYLISCI_Viewer,16,71,920.924,12.970760563380281
NYLISCI,NYLISCI_Viewer,14,44,328.2786,8.00679512195122
NYLISCI,NYLISCI_Viewer,13,18,75.968,4.220444444444444
NYLISCI,NYLISCI_Viewer,18,18,74.3859,4.13255
NYLISCI,NYLISCI_Viewer,19,7,33.2359,4.747985714285714
MALUKCC,MALUKCC_Writer,13,1729,4833.7509,4.692962038834952
MALUKCC,MALUKCC_Writer,17,137,483.6308,5.495804545454546
MALUKCC,MALUKCC_Writer,18,109,330.8706,3.8473325581395352
MALUKCC,MALUKCC_Writer,15,111,328.1497,3.646107777777778
MALUKCC,MALUKCC_Writer,20,206,287.632,2.4375593220338985
OHRFSCF,OHRFSCF_Viewer,12,883,2945.9426,4.31323953147877
OHRFSCF,OHRFSCF_Writer,15,937,2207.7258,6.1668318435754195
OHRFSCF,OHRFSCF_Writer,14,912,2009.6064,4.213011320754717
OHRFSCF,OHRFSCF_Writer,18,271,1982.6081,9.264523831775701
OHRFSCF,OHRFSCF_Viewer,14,461,1770.0982,4.645927034120735
NCOMM,NCOMM_Writer,17,18,44.1389,2.4521611111111112
NCOMM,NCOMM_Writer,21,28,32.1855,1.1920555555555554
NCOMM,NCOMM_Writer,18,9,29.7372,3.3041333333333336
NCOMM,NCOMM_Writer,23,25,27.3089,1.365445
NCOMM,NCOMM_Writer,15,9,22.4293,2.4921444444444445
OHUMC,OHUMC_Writer,13,4377,9739.5757,6.922228642501777
OHUMC,OHUMC_Writer,18,2596,8231.9755,6.079745568685377
OHUMC,OHUMC_Writer,20,2170,7798.5967,8.821941968325792
OHUMC,OHUMC_Writer,14,2656,6646.4568,6.93061188738269
OHUMC,OHUMC_Writer,15,4132,4944.7974,4.333740052585451
SMEMR,SMEMR_Writer,16,97,484.4686,5.6333558139534885
SMEMR,SMEMR_Writer,19,47,406.6594,9.682366666666667
SMEMR,SMEMR_Viewer,21,44,343.8104,7.813872727272727
SMEMR,SMEMR_Writer,21,59,277.8982,5.671391836734693
SMEMR,SMEMR_Viewer,17,51,148.195,3.7998717948717946
COCONSORTIUM,COCONSORTIUM_Viewer,22,149,1949.0918,15.109238759689921
COCONSORTIUM,COCONSORTIUM_Viewer,19,137,1932.4649,15.71109674796748
COCONSORTIUM,COCONSORTIUM_Viewer,20,35,1861.422,60.045870967741934
COCONSORTIUM,COCONSORTIUM_Viewer,15,52,693.9706,14.457720833333333
COCONSORTIUM,COCONSORTIUM_Viewer,16,43,388.09,11.414411764705882
ORXPIOHEDS,ORXPIOHEDS_Viewer,23,67,140.8729,2.428843103448276
ORXPIOHEDS,ORXPIOHEDS_Viewer,17,10,40.6095,4.06095
CLTSP,CLTSP_Viewer,16,76,460.5463,6.486567605633803
CLTSP,CLTSP_Viewer,15,87,313.413,5.055048387096774
CLTSP,CLTSP_Viewer,20,90,287.6201,4.292837313432836
CLTSP,CLTSP_Viewer,17,93,279.8365,4.909412280701755
CLTSP,CLTSP_Viewer,23,118,256.2146,2.6689020833333337
MONCMMH,MONCMMH_Writer,15,855,4522.2625,5.541988357843137
MONCMMH,MONCMMH_Viewer,20,344,1069.3392,3.752067368421052
MONCMMH,MONCMMH_Viewer,21,81,630.3388,10.166754838709677
MONCMMH,MONCMMH_Viewer,16,102,401.5134,5.283071052631579
MONCMMH,MONCMMH_Viewer,13,131,345.5681,3.3227701923076927
PADCFCM,PADCFCM_Viewer,18,71,331.9289,5.44145737704918
PADCFCM,PADCFCM_Viewer,22,7,276.7216,39.53165714285715
PADCFCM,PADCFCM_Viewer,13,105,239.4753,2.468817525773196
PADCFCM,PADCFCM_Viewer,14,77,186.2959,2.4194272727272725
PADCFCM,PADCFCM_Viewer,15,30,184.5624,7.6901
MOFGCBH,MOFGCBH_Viewer,16,11069,19353.6286,1.9382702653980972
MOFGCBH,MOFGCBH_Viewer,14,14360,19260.9065,1.5581997006714667
MOFGCBH,MOFGCBH_Viewer,15,12611,19094.4099,1.7091308539205154
MOFGCBH,MOFGCBH_Viewer,21,8060,15470.9784,2.1430916193378584
MOFGCBH,MOFGCBH_Viewer,13,10639,15241.4843,1.6252382490936235
OHCBHTH,OHCBHTH_Writer,17,150,3090.4637,24.923094354838707
OHCBHTH,OHCBHTH_Writer,16,142,1754.3151,14.14770241935484
OHCBHTH,OHCBHTH_Writer,18,220,1702.409,9.40557458563536
OHCBHTH,OHCBHTH_Writer,14,128,1567.1779,16.324769791666665
OHCBHTH,OHCBHTH_Viewer,16,602,1348.6552,2.8512794926004226
OHCCBH,OHCCBH_Writer,16,1067,1638.5002,2.8846834507042254
OHCCBH,OHCCBH_Writer,15,491,1577.6428,4.014358269720102
OHCCBH,OHCCBH_Writer,13,251,764.3664,3.4586714932126696
OHCCBH,OHCCBH_Writer,17,422,759.8059,2.274867964071856
OHCCBH,OHCCBH_Writer,19,346,717.7797,2.6584433333333335
MOBHR,MOBHR_Writer,11,1127,9543.1356,8.551196774193548
MOBHR,MOBHR_Viewer,16,2675,8840.8732,5.72595414507772
MOBHR,MOBHR_Viewer,12,2895,8303.9366,5.851963777307964
MOBHR,MOBHR_Writer,16,1372,6568.9771,7.6206230858468675
MOBHR,MOBHR_Viewer,13,3880,6207.4784,3.471744071588367
ORWILLF,ORWILLF_Writer,23,174,496.1409,3.569358992805755
ORWILLF,ORWILLF_Writer,19,153,406.6686,2.8638633802816904
ORWILLF,ORWILLF_Writer,18,147,371.9883,2.776032089552239
ORWILLF,ORWILLF_Writer,16,145,351.7974,2.4950170212765954
ORWILLF,ORWILLF_Writer,21,324,322.9681,1.7648530054644809
PACRSCS,PACRSCS_Viewer,14,101,416.4426,4.123194059405941
PACRSCS,PACRSCS_Viewer,11,54,355.7403,6.587783333333333
PACRSCS,PACRSCS_Viewer,17,119,323.5592,2.813558260869565
PACRSCS,PACRSCS_Writer,18,61,223.6887,3.728145
PACRSCS,PACRSCS_Viewer,16,87,222.8906,2.6222423529411767
VTARISS,VTARISS_Writer,17,482,3667.0616,8.277791422121895
VTARISS,VTARISS_Writer,13,416,3340.6965,8.745278795811519
VTARISS,VTARISS_Writer,18,418,2663.6236,7.179578436657682
VTARISS,VTARISS_Viewer,14,642,2030.4687,3.860206653992395
VTARISS,VTARISS_Writer,16,395,1878.7924,6.041133118971061
AKCCI,AKCCI_Viewer,23,860,1367.2161,3.0248143805309735
AKCCI,AKCCI_Viewer,19,421,975.4349,3.0674053459119497
AKCCI,AKCCI_Viewer,21,501,875.4665,3.5588069105691056
AKCCI,AKCCI_Viewer,16,239,726.5984,4.2491134502923975
AKCCI,AKCCI_Viewer,22,396,712.2841,2.7083045627376423
KYADANT,KYADANT_Viewer,20,154,428.7171,3.6331957627118645
KYADANT,KYADANT_Viewer,19,23,75.9335,3.30145652173913
KYADANT,KYADANT_Viewer,17,11,36.9969,3.3633545454545453
KYADANT,KYADANT_Viewer,16,13,36.0429,2.7725307692307695
ORCFD,ORCFD_Viewer,22,139,1125.7004,8.157249275362318
ORCFD,ORCFD_Viewer,18,7,143.6755,20.52507142857143
ORCFD,ORCFD_Viewer,23,39,128.4289,16.0536125
ORCFD,ORCFD_Viewer,21,37,105.3702,2.847843243243243
WAEXSYC,WAEXSYC_Viewer,16,895,2793.8458,4.767654948805461
WAEXSYC,WAEXSYC_Viewer,18,532,2241.6642,4.6507556016597515
WAEXSYC,WAEXSYC_Viewer,23,572,1807.116,3.4886409266409264
WAEXSYC,WAEXSYC_Viewer,21,430,1782.5715,4.728306366047746
WAEXSYC,WAEXSYC_Viewer,0,401,1717.3983,6.480748301886793
MNNPMHC,MNNPMHC_Viewer,20,59,204.2519,3.521584482758621
MNNPMHC,MNNPMHC_Viewer,13,85,188.1868,2.8513151515151516
MNNPMHC,MNNPMHC_Viewer,19,90,159.0612,3.313775
MNNPMHC,MNNPMHC_Viewer,16,95,150.2585,2.3850555555555557
MNNPMHC,MNNPMHC_Viewer,18,33,140.1263,4.246251515151514
NJVANHS,NJVANHS_Viewer,15,66,307.2364,4.65509696969697
NJVANHS,NJVANHS_Viewer,14,76,231.8615,3.9976120689655175
NJVANHS,NJVANHS_Viewer,18,19,58.2223,3.0643315789473684
NJVANHS,NJVANHS_Viewer,19,12,30.6877,2.5573083333333333
NJVANHS,NJVANHS_Viewer,17,6,18.5698,3.0949666666666666
YTHHM,YTHHM_Viewer,17,22,47.5767,2.162577272727273
YTHHM,YTHHM_Viewer,15,3,12.1509,4.0503
YTHHM,YTHHM_Viewer,20,3,10.3069,3.4356333333333335
ALSWAMH,ALSWAMH_Writer,19,478,1813.139,4.422290243902439
ALSWAMH,ALSWAMH_Writer,20,322,898.7002,4.180000930232558
ALSWAMH,ALSWAMH_Writer,15,199,589.3193,3.0377283505154637
ALSWAMH,ALSWAMH_Writer,18,159,577.2403,4.770580991735538
ALSWAMH,ALSWAMH_Writer,21,143,545.4304,5.050281481481481
NJRCHDH,NJRCHDH_Writer,18,750,2104.2752,3.685245534150613
NJRCHDH,NJRCHDH_Writer,12,235,1602.1602,7.486729906542056
NJRCHDH,NJRCHDH_Writer,17,841,1437.0195,2.903069696969697
NJRCHDH,NJRCHDH_Writer,14,465,1257.0623,4.305007876712329
NJRCHDH,NJRCHDH_Writer,19,948,1128.5111,3.058295663956639
GAHORIZONS,GAHORIZONS_Writer,11,3554,28088.9062,31.003207726269316
GAHORIZONS,GAHORIZONS_Viewer,12,2361,19324.9549,17.713065902841432
GAHORIZONS,GAHORIZONS_Writer,20,4087,13947.9084,9.033619430051814
GAHORIZONS,GAHORIZONS_Writer,19,3293,12265.0629,9.582080390625
GAHORIZONS,GAHORIZONS_Writer,12,1664,11349.9469,16.81473614814815
NYCNGSV,NYCNGSV_Viewer,15,4,34.6415,8.660375
NYCNGSV,NYCNGSV_Viewer,18,7,25.2319,3.604557142857143
NYCNGSV,NYCNGSV_Viewer,20,4,17.5585,4.389625
BGVLG,BGVLG_Viewer,15,303,1039.8248,3.5980096885813153
BGVLG,BGVLG_Viewer,18,301,915.5256,3.246544680851064
BGVLG,BGVLG_Viewer,17,373,744.1117,2.8510026819923375
BGVLG,BGVLG_Viewer,14,202,726.7841,3.7657207253886007
BGVLG,BGVLG_Viewer,20,178,617.9125,4.092135761589404
MAWYFSN,MAWYFSN_Writer,15,77,221.3031,2.874066233766234
MAWYFSN,MAWYFSN_Viewer,16,23,68.7434,2.9888434782608693
MAWYFSN,MAWYFSN_Viewer,13,13,30.3269,2.3328384615384614
MAWYFSN,MAWYFSN_Writer,21,1,22.7998,22.7998
MAWYFSN,MAWYFSN_Writer,3,1,9.7623,9.7623
MIWLSLS,MIWLSLS_Viewer,15,264,1461.966,8.077160220994475
MIWLSLS,MIWLSLS_Viewer,16,133,1412.2946,12.609773214285713
MIWLSLS,MIWLSLS_Viewer,18,50,962.6153,19.252306
MIWLSLS,MIWLSLS_Viewer,14,88,239.4504,3.8621032258064516
MIWLSLS,MIWLSLS_Viewer,2,42,155.0221,3.691002380952381
OROCP,OROCP_Viewer,21,390,834.4488,2.237128150134048
OROCP,OROCP_Viewer,16,131,520.7577,4.268505737704918
OROCP,OROCP_Writer,23,188,480.6087,3.080825
OROCP,OROCP_Writer,22,198,418.4571,2.5361036363636367
OROCP,OROCP_Writer,20,121,371.234,3.6042135922330094
RBMHC,RBMHC_Writer,21,403,1614.2435,8.407518229166667
RBMHC,RBMHC_Writer,15,314,653.2321,3.1106290476190472
RBMHC,RBMHC_Writer,22,305,633.6939,3.0761839805825244
RBMHC,RBMHC_Writer,17,254,360.2289,2.2514306250000002
RBMHC,RBMHC_Writer,0,114,345.1859,3.3190951923076923
DCCCA,DCCCA_Viewer,17,214,1019.7802,5.256598969072165
DCCCA,DCCCA_Viewer,21,61,544.156,8.920590163934426
DCCCA,DCCCA_Viewer,19,40,434.549,10.863724999999999
DCCCA,DCCCA_Viewer,20,64,312.6155,5.298567796610169
DCCCA,DCCCA_Viewer,16,86,284.0556,4.057937142857143
NJBNNBR,NJBNNBR_Writer,3,1,3.494,3.494
NJBNNBR,NJBNNBR_Writer,18,1,1.6735,1.6735
CTCCAOH,CTCCAOH_Viewer,20,168,460.4164,2.989716883116883
CTCCAOH,CTCCAOH_Viewer,15,104,369.3597,3.887996842105263
CTCCAOH,CTCCAOH_Viewer,21,192,336.257,2.8021416666666665
CTCCAOH,CTCCAOH_Viewer,17,97,308.3332,3.3882769230769227
CTCCAOH,CTCCAOH_Viewer,14,74,285.3213,3.8556932432432434
ORBRWRC,ORBRWRC_Viewer,22,50,69.5324,3.4766199999999996
ORBRWRC,ORBRWRC_Viewer,17,10,43.223,4.3223
ORBRWRC,ORBRWRC_Viewer,21,10,36.01,3.601
ORBRWRC,ORBRWRC_Viewer,19,10,33.6088,3.3608800000000003
WMHCTR,WMHCTR_Viewer,21,9,82.3557,9.150633333333333
CCMHR,CCMHR_Writer,16,773,2329.1171,3.221462102351314
CCMHR,CCMHR_Writer,17,582,1126.1608,2.2081584313725493
CCMHR,CCMHR_Writer,15,318,890.9111,3.051065410958904
CCMHR,CCMHR_Writer,12,300,786.4403,2.721246712802768
CCMHR,CCMHR_Writer,14,388,783.3204,2.2704939130434783
MOREDIS,MOREDIS_Writer,15,262,5626.6581,25.45999140271493
MOREDIS,MOREDIS_Writer,14,156,4079.7315,27.01808940397351
MOREDIS,MOREDIS_Viewer,14,276,1769.6816,8.632593170731706
MOREDIS,MOREDIS_Writer,19,145,1241.8937,8.807756737588653
MOREDIS,MOREDIS_Writer,16,143,1135.7832,12.0828
